sentence_index,agent,
1,The train from ' Frisco,
1,she,
1,she would,
2,the conductor,
3,a little girl,
3,a little girl,
4,the conductor,
4,the engineer,
4,The train from ' Frisco,
6,he,
7,The little girl,
7,The little girl,
8,she,
8,The she would at Hugson 's Siding,
9,The little girl,
9,The little girl,
10,She,
10,She,
12,She,
14,The buggy,
15,she,
15,she,
16,she,
16,she,
17,a boy,
19,a boy,
19,a boy,
20,she,
20,she,
20,she,
21,a boy,
22,he,
23,I,
24,he,
25,he,
25,he,
26,he,
27,kitten,
29,The boy,
30,The boy,
32,Uncle Henry,
32,Eureka the Pink Kitten,
32,Uncle Henry,
34,She,
34,Uncle Henry,
35,Uncle Henry,
35,Uncle Henry,
35,Uncle Henry,
36,The horse,
37,Dorothy the Lamb,
37,he,
37,he,
38,he,
40,Dorothy the Lamb,
40,he,
40,he,
41,he,
41,he,
42,I,
42,I,
43,Jim the Cab - horse the Cab - horse,
45,I,
45,I,
45,the horse,
45,the horse,
48,We,
48,Dorothy the Lamb,
49,I,
50,we,
50,I,
51,such things,
52,The conductor,
52,The conductor,
54,I,
55,she,
55,the horse,
57,He and Uncle Hugson,
59,she,
60,your,
61,Uncle Hugson,
63,she,
66,me,
66,me,
66,me,
67,Dorothy the Lamb,
67,the Lamb,
68,your,
69,folks,
71,Dorothy the Lamb,
72,Uncle Henry,
72,We,
73,he,
75,I,
76,you,
77,The boy,
77,The boy,
78,The boy,
78,The boy,
78,The boy,
79,her,
81,her,
81,her,
83,Zebediah,
84,that,
86,Zebediah,
86,Zebediah,
86,The horse,
87,the boy,
87,the boy,
88,Neither the boy nor the girl,
90,the animal 's,
92,the wind,
92,sounds,
92,the wind,
93,sound,
94,the horse,
95,Dorothy the Lamb,
95,the boy,
96,The sudden rush into space,
96,the buggy and its occupants,
97,Blackness,
97,them,
97,the earth,
97,the earth,
98,the Lamb,
99,Zebediah,
99,Zebediah,
100,Dorothy the Lamb,
101,The top of the buggy,
101,The top of the buggy,
102,sudden death,
104,their,
104,their,
104,Jim the Cab - horse,
104,a stone,
105,They,
105,by the pressure of the air,
106,Dorothy the Lamb,
107,she,
107,she,
107,she,
108,she,
108,she,
108,she,
108,she,
109,she,
109,she,
109,she,
110,she,
110,she,
110,she,
110,another adventure,
110,she,
111,she,
111,she,
111,she,
112,her,
112,balls,
113,The central and largest one,
115,This splendid group of colored suns,
115,rays,
115,rays,
116,to say much,
116,her,
116,her,
116,her,
117,she,
117,she,
118,she,
120,she,
121,"Zebediah , whose face was blue and whose hair was pink",
122,"Zebediah , whose face was blue and whose hair was pink",
124,they,
125,they,
126,the horse,
126,all the horse 's legs,
126,the horse,
126,the horse,
127,they,
128,your horse,
128,she,
129,your,
130,your horse,
130,your horse,
130,your horse,
131,she,
132,Dorothy the Lamb,
134,the horse,
135,Zebediah,
136,Zebediah,
136,Zebediah,
137,they,
138,The light,
138,they,
138,they,
139,the top of the buggy,
139,rays,
139,they,
140,they,
140,Zebediah,
141,they,
141,you,
142,Dorothy the Lamb,
143,We,
146,the horse,
147,they both,
147,they both,
147,they both,
149,they both,
149,they both,
150,they both,
150,by the variegated lights from the six suns,
152,I,
153,we,
154,Zebediah,
156,we,
156,we,
156,Zebediah,
157,The boy,
157,a speech,
157,both,
158,a big city,
159,both,
160,Jim the Cab - horse the horse,
160,both The boy,
162,Jim the Cab - horse,
162,Zebediah,
162,Zebediah,
163,a pink kitten,
163,a pink kitten,
163,a pink kitten,
164,Dorothy the Lamb 's,
166,Zebediah,
166,Zebediah,
168,this queer light,
169,Eureka the Pink Kitten,
169,Eureka the Pink Kitten,
172,you,
173,you,
174,you,
175,the kitten,
176,you,
177,Animals,
177,Animals,
178,even old Jim the Cab - horse,
178,we,
179,even old Jim the Cab - horse,
179,even old Jim the Cab - horse,
182,I,
182,I,
182,I,
183,one,
184,Dorothy the Lamb,
184,Dorothy the Lamb,
184,Dorothy the Lamb,
185,The roof beside them,
187,Other buildings,
187,these accidents,
188,The rainbow tints from the colored suns,
189,not a sound,
190,the strangers,
190,the strangers,
190,no people,
192,He,
194,the sunbeams,
194,by the solar rays,
195,He,
195,He,
195,He,
196,He,
196,He,
198,"Dorothy the Lamb , who noticed that the beautiful man did not look where the beautiful man was going",
198,the Lamb,
198,the beautiful man,
198,the beautiful man,
199,the beautiful man,
199,Dorothy the Lamb,
199,the beautiful man,
199,he,
200,the beautiful man,
200,the beautiful man,
201,the Lamb,
201,the beautiful man,
201,he,
201,"Dorothy the Lamb , who noticed that the beautiful man did not look where he was going , greatly astonished",
201,"Dorothy the Lamb , who noticed that the beautiful man did not look where he was going , greatly astonished",
201,"Dorothy the Lamb , who noticed that the beautiful man did not look where he was going , greatly astonished",
201,the beautiful man,
202,the beautiful man,
204,she,
204,she,
205,the small voice of the kitten,
205,she,
205,the kitten,
207,she,
208,I,
208,I,
208,I,
208,I,
208,I,
208,I,
208,I,
209,the air,
209,the girl,
210,the girl,
210,I,
211,Dorothy the Lamb,
212,we,
212,Eureka the Pink Kitten,
212,Eureka the Pink Kitten,
212,some one,
212,"Zebediah , who had been even more amazed than Dorothy the Lamb at these strange happenings",
213,we,
213,the girl,
214,Zebediah,
215,Zebediah,
215,Zebediah,
216,Jim the Cab - horse,
216,the girl,
216,the girl,
217,Jim the Cab - horse,
218,I,
219,the girl,
219,we,
220,the Pink Kitten,
221,I,
222,I,
222,the girl,
222,the girl,
222,the girl,
224,You,
224,You,
224,You,
225,You,
225,You,
226,You,
226,little one,
228,you,
228,I,
228,I,
228,I,
229,None of us,
229,you,
230,I,
230,no one,
232,Dorothy the Lamb,
233,Dorothy the Lamb,
234,Dorothy the Lamb,
234,us,
235,the Lamb,
235,Eureka the Pink Kitten,
236,Eureka the Pink Kitten,
237,you,
237,the girl,
238,you,
239,this dreadful adventure,
239,this dreadful adventure,
240,you,
240,the girl,
240,you,
241,the Lamb,
241,you,
241,you,
242,he,
242,he,
243,Dorothy the Lamb,
243,they,
243,the kitten,
244,the boy,
246,Jim the Cab - horse,
246,Jim the Cab - horse,
246,Jim the Cab - horse,
246,Jim the Cab - horse,
246,the others,
247,his,
248,his 's great weight,
248,the children,
248,his,
248,his,
249,Dorothy the Lamb,
249,Dorothy the Lamb,
250,People,
250,People,
250,quite a crowd,
251,the folks,
252,these people 's features,
253,these people,
253,these people,
253,these people,
254,these people,
254,these people,
254,these people,
254,Eureka the Pink Kitten,
255,a man,
255,the group,
256,the others,
256,the others,
257,his,
257,Dorothy the Lamb,
258,"Zebediah , who was a little taller than Dorothy the Lamb",
258,his,
259,"Zebediah , who was a little taller than Dorothy the Lamb",
259,the stones,
259,them,
259,"Zebediah , who was a little taller than Dorothy the Lamb",
261,his,
262,he,
263,I,
263,I.,
263,Dorothy the Lamb,
263,Dorothy the Lamb,
265,he,
266,The Rain of Stones,
266,he,
266,our,
266,you,
267,you,
268,he,
270,you,
270,the,
270,the,
270,the,
270,the Sorcerer,
272,the girl,
273,I,
273,I,
275,I,
275,the girl,
275,the girl,
276,The boy,
276,The boy,
277,Gid - dap Jim the Cab - horse,
277,Gid - dap Jim the Cab - horse,
277,the people of the glass city,
277,the people of the glass city,
278,a big glass palace,
279,a big glass palace,
279,them,
279,Zebediah,
279,the children,
280,the people of the glass city,
280,the people of the glass city,
280,the people of the glass city,
280,them and the man with the star,
281,the man,
282,a cloud of smoke,
282,a cloud of smoke,
284,a strange personage seated upon a glass throne just before Jim the Cab - horse 's nose,
284,a strange personage,
284,a strange personage,
284,the Cab - horse 's nose 's hands,
285,a strange personage seated upon a glass throne just before Jim the Cab - horse 's nose,
285,Dorothy the Lamb,
285,Dorothy the Lamb,
286,The Sorcerers,
286,The Sorcerers,
286,his glance,
287,you,
287,his,
288,you,
288,Dorothy the Lamb,
289,you,
289,the Rain of Stones,
289,the Rain of Stones,
291,the little girl,
292,the Sorcerers,
293,We,
293,Dorothy the Lamb,
294,the Sorcerers,
294,the Sorcerers,
295,We,
295,a Rain of Stones,
295,a Rain of Stones,
297,the man with the star,
297,the man with the star,
297,the Sorcerers,
299,your sorcery,
299,your sorcery,
300,your sorcery,
300,the Sorcerers,
301,I,
304,I.,
308,my 's sorcery,
309,a man,
309,a man,
309,a man,
310,a man,
311,my Prince and all of my Prince 's people,
311,the Prince and all of his people,
312,Dorothy the Lamb and Zebediah,
312,Dorothy the Lamb and Zebediah,
313,an object,
314,an object,
314,star,
314,an object,
316,The throng,
316,an object,
316,The throng,
316,an object,
319,Dorothy the Lamb,
320,A balloon,
320,Dorothy the Lamb,
321,Dorothy the Lamb,
321,the Lamb,
321,a head,
322,a little man,
322,a little man,
322,a little man,
324,Dorothy the Lamb,
325,a little man,
326,a little man,
326,a little man,
326,a little man,
331,Zebediah,
332,you,
334,the man with the star,
334,the wonderful Wizard of Oz,
334,the wonderful Wizard of Oz,
334,the wonderful Wizard of Oz,
335,the wonderful Wizard of Oz,
335,by an earthquake,
336,the wonderful Wizard of Oz,
337,I,
337,I,
337,you,
337,I,
339,you,
340,you,
340,"This child , who is from the crust of the earth , like I",
342,Oz,
344,the Prince,
345,We Mangaboos,
345,one of the most wonderful Sorcerers that ever was picked from a bush,
346,Oz,
347,the Wizard of Oz,
348,Dorothy the Lamb,
348,the Wizard of Oz,
349,the Wizard of Oz,
350,Dorothy the Lamb,
351,Dorothy the Lamb,
351,Dorothy the Lamb,
352,The Wizard of Oz,
352,The Wizard of Oz,
352,The Wizard of Oz,
353,the throng of people,
354,The Wizard of Oz,
354,The Wizard of Oz,
354,The Wizard of Oz,
354,The Wizard of Oz,
356,The Wizard of Oz,
357,He,
357,the Prince,
358,the Prince,
359,the Sorcerers,
360,the Sorcerers,
360,the Prince,
361,another person,
361,another person,
362,the Sorcerers,
363,you,
363,the Sorcerers,
364,the Wizard of Oz,
364,the Wizard of Oz,
365,the Wizard of Oz,
367,the Sorcerers,
368,You,
368,You,
368,the little man,
369,the little man,
370,the little man,
371,the little man,
372,the little man,
372,the little man,
373,I,
373,I,
375,everybody,
376,the Sorcerers,
376,the Sorcerers,
376,you,
376,you,
379,the other,
381,Oz,
382,I,
382,you,
382,I,
382,I.,
382,the little man,
382,the little man,
384,the little man,
385,I,
385,I,
386,me,
386,you,
386,me,
387,me,
387,the tinkling of bells,
388,she,
388,she,
389,The Mangaboo people,
389,The Mangaboo people,
390,me,
390,me,
391,the Wizard of Oz 's,
391,the Wizard of Oz 's,
391,somebody,
392,the Mangaboos,
392,Zebediah,
393,the Wizard of Oz 's,
393,somebody,
394,the assemblage,
395,the Wizard of Oz 's,
396,I,
398,you,
401,I,
401,I,
401,I,
402,me,
402,the Sorcerers,
403,me,
403,me,
403,me,
404,me,
404,me,
405,me,
405,me,
405,me,
405,me,
405,a little white piglet,
405,which,
405,which,
405,which,
406,The people,
406,a little white piglet no bigger than a mouse,
406,which,
406,which,
406,which,
406,The people,
407,The Wizard of Oz,
407,The Wizard of Oz,
407,The Wizard of Oz,
407,The Wizard of Oz,
407,The Wizard of Oz,
407,The Wizard of Oz,
408,The Wizard of Oz,
408,one,
408,one,
408,The Wizard of Oz,
408,one of three piglets in all,
409,The Wizard of Oz,
409,nine tiny piglets,
409,nine tiny piglets,
409,nine tiny piglets,
409,all,
409,nine tiny piglets,
409,nine tiny piglets,
409,all,
410,The Wizard of Oz,
410,The Wizard of Oz,
410,The Wizard of Oz,
411,The Wizard of Oz,
411,The Wizard of Oz,
412,he,
412,he,
414,he,
414,a single one of the creatures he placed underneath,
415,he,
416,he,
416,the silent throng,
416,he,
417,Gwig,
418,GwigOz,
419,Gwig,
420,Gwig,
420,Gwig,
420,Gwig,
421,Gwig,
422,to stop you 's breath,
422,you,
422,you,
424,you,
426,you,
426,you,
426,you,
427,he,
427,he,
427,he,
427,he,
428,he,
428,he,
429,he,
429,he,
429,he,
429,he,
429,he,
429,a mighty stroke,
430,Dorothy the Lamb,
430,the Lamb,
430,the Lamb,
430,the Lamb,
430,the Sorcerers,
430,the place where the Sorcerers was cut,
432,the Wizard of Oz,
433,the Prince,
435,the Wizard of Oz,
440,we,
440,the Prince,
441,the Prince,
441,sir,
442,you,
442,me,
442,me,
443,the Wizard of Oz,
443,the Wizard of Oz,
443,the Wizard of Oz,
443,the Wizard of Oz,
443,some of the Wizard of Oz 's people,
444,Jim the Cab - horse,
444,Jim the Cab - horse,
444,they,
444,Jim the Cab - horse,
444,Jim the Cab - horse,
444,Jim the Cab - horse,
444,they,
444,Jim the Cab - horse,
444,Jim the Cab - horse,
444,- horse,
444,the Cab - horse,
444,Zebediah,
444,Zebediah,
444,the Wizard of Oz,
445,Jim the Cab - horse,
445,Jim the Cab - horse,
445,the kitten,
446,Jim the Cab - horse,
446,the crowd,
446,the crowd,
446,vegetable people,
446,the crowd of vegetable people,
446,the crowd of vegetable people,
446,the crowd of vegetable people,
447,The glass city,
447,a good many people,
447,by many pretty brooks that flowed through a broad plain covered with gardens and watered by many pretty brooks that flowed through it,
447,by many pretty brooks that flowed through it,
449,Dorothy the Lamb and Zebediah,
449,Dorothy the Lamb and Zebediah,
449,Dorothy the Lamb and Zebediah,
449,Dorothy the Lamb and Zebediah,
450,Who,
450,Dorothy the Lamb,
451,No one,
453,she,
455,she,
456,for the glass houses in your city to grow as large and fine as the glass houses in your city are now,
457,a Rain of Stones,
457,a Rain of Stones,
458,you,
459,she,
461,we,
461,she,
462,the plants,
463,they,
463,the Cab - horse,
463,the Cab - horse,
464,Jim the Cab - horse,
464,a respectable horse,
465,"the Wizard of Oz , who was in the buggy",
466,Jim the Cab - horse,
467,Jim the Cab - horse,
470,Jim the Cab - horse,
471,they,
471,Jim the Cab - horse,
472,the party,
472,the Wizard of Oz,
473,Several Mangaboos,
474,Several Mangaboos,
474,Several Mangaboos,
475,other people,
475,other people,
476,the Prince,
476,we,
477,the boy,
480,you,
482,you,
483,these,
484,these odd people,
484,these odd people,
485,The little party of strangers,
486,Jim the Cab - horse,
486,Jim the Cab - horse,
486,Jim the Cab - horse,
486,the Wizard of Oz,
487,their points,
490,even those,
491,This sight,
491,Dorothy the Lamb,
491,Dorothy the Lamb,
492,Our people,
492,Our people,
492,the Prince,
493,You,
493,You,
493,they,
494,they,
494,you,
494,Dorothy the Lamb,
495,live,
495,you,
495,you,
496,you,
496,you,
496,you,
496,you,
498,you,
498,the boy,
500,you,
500,a potato,
501,the boy,
502,you,
503,the Wizard of Oz,
504,the Wizard of Oz,
506,the Wizard of Oz,
507,the Wizard of Oz,
510,Dorothy the Lamb,
510,Dorothy the Lamb,
511,dainty lace - like traceries,
512,Dorothy the Lamb 's poise,
513,the Wizard of Oz,
514,The Prince,
515,The Prince,
516,The Prince,
517,Dorothy the Lamb,
518,The Prince,
519,he,
520,she,
521,he,
522,you,
522,you,
523,he,
523,our,
524,I,
524,I,
526,the Prince,
526,the Prince,
526,the Prince,
527,the Prince,
527,Zebediah,
528,the Prince,
531,Dorothy the Lamb,
533,this Wizard of OzOz,
534,them,
535,them,
535,the Prince,
536,them,
537,them,
537,Dorothy the Lamb,
538,the Prince,
539,The children,
539,the Wizard of Oz,
540,Eureka the Pink Kitten,
540,Eureka the Pink Kitten,
540,voice,
540,the Wizard of Oz,
540,the Wizard of Oz,
540,Eureka the Pink Kitten,
540,the Pink Kitten,
541,the Wizard of Oz,
541,the Wizard of Oz,
541,the Wizard of Oz,
543,The children,
543,the boy,
544,the kitten,
544,the kitten,
545,the kitten,
545,Dorothy the Lamb,
545,the kitten,
546,the kitten,
546,the kitten,
548,I,
549,These people,
549,These people,
549,our,
550,the Prince,
551,the Prince,
551,your,
551,your will,
553,the Prince,
553,the Prince,
554,The children,
554,The children,
554,the Wizard of Oz,
556,the Wizard of Oz,
557,Dorothy the Lamb,
558,we,
558,the Wizard of Oz,
559,she,
559,that heartless Prince,
560,Dorothy the Lamb,
561,us,
561,us,
562,us,
562,each of us,
563,Dorothy the Lamb,
563,us,
563,she,
564,the Wizard of Oz and Dorothy the Lamb,
564,the Wizard of Oz and Dorothy the Lamb,
565,She,
565,those,
565,She,
566,the Wizard of Oz,
566,the Wizard of Oz,
567,the voice of the Prince,
567,those present,
567,the Prince,
568,the Princess,
568,him,
569,the Princess,
569,him,
569,him,
569,him,
569,him,
570,the Princess,
570,him,
570,him,
570,him,
571,him,
573,she,
574,he,
574,he,
575,all the people,
575,he,
576,our friends,
577,The people of Mangaboo,
577,The people of Mangaboo,
577,The people of Mangaboo,
577,The,
578,the people in the procession,
578,the Princess,
578,the Princess,
579,No one,
579,Dorothy the Lamb and Zebediah and the Wizard of Oz,
579,by Dorothy the Lamb and Zebediah and the Wizard of Oz,
580,Dorothy the Lamb and Zebediah and the Wizard of Oz,
580,Dorothy the Lamb and Zebediah and the Wizard of Oz,
580,the Lamb and Zebediah and the Wizard of Oz,
581,the Lamb,
581,Dorothy the Lamb,
581,Dorothy the Lamb and Zebediah and the Wizard of Oz,
582,the Wizard of Oz,
583,I,
584,the boy,
585,I,
586,Only a fairy country,
586,we,
587,Zebediah,
588,they,
588,they,
589,the kitten,
589,the kitten,
589,the kitten,
589,the Wizard of Oz,
590,they,
590,Jim the Cab - horse,
590,the kitten,
590,the kitten,
591,the Wizard of Oz,
592,Dorothy the Lamb,
593,I,
594,the boy,
594,him,
594,Dorothy the Lamb,
595,the Wizard of Oz,
595,the Wizard of Oz,
596,the Wizard of Oz,
596,the Wizard of Oz,
597,Dorothy the Lamb,
598,Zebediah,
599,I.,
599,the Wizard of Oz,
600,I,
603,us,
603,Eureka the Pink Kitten,
604,The little man,
604,The little man,
604,The little man,
604,the pigs,
604,the pigs,
605,The little man,
606,things,
606,Dorothy the Lamb,
606,Dorothy the Lamb,
606,Dorothy the Lamb,
607,the piglet,
607,you,
609,the Wizard of Oz,
609,the Wizard of Oz,
610,his pets,
611,I,
611,I,
613,Dorothy the Lamb,
615,I,
615,another of the piglets,
615,another of the piglets,
616,I,
616,I,
618,I,
618,I,
620,Dorothy the Lamb,
621,I,
622,the Wizard of Oz,
623,A sailor,
623,the Wizard of Oz,
624,I,
624,I,
624,I,
625,no cows here,
626,I,
626,you,
626,you,
627,you,
627,you,
628,I,
629,I.,
629,I,
631,I,
631,I,
631,I.,
632,I,
634,I,
634,I,
635,the Wizard of Oz,
635,the Wizard of Oz,
636,the Wizard of Oz,
636,the Wizard of Oz,
636,anything bright,
636,the Wizard of Oz,
636,the Wizard of Oz,
637,the Wizard of Oz,
637,the Wizard of Oz,
637,a sharp tug,
637,a fish,
637,the Wizard of Oz,
638,the Pink Kitten,
638,the Pink Kitten,
639,Dorothy the Lamb,
639,Eureka the Pink Kitten,
640,it,
640,I,
640,I,
640,I,
641,I,
641,fish,
641,I,
644,the girl,
646,The little pigs,
646,The little pigs,
647,one of them,
648,another,
649,Dorothy the Lamb,
649,Dorothy the Lamb,
649,the kitten,
650,Dorothy the Lamb,
650,from Dorothy the Lamb 's luncheon on the train,
650,Dorothy the Lamb,
650,Dorothy the Lamb,
650,from her luncheon on the train,
651,the kitten,
651,the tiny piglets,
651,from her luncheon,
651,the tiny piglets,
652,us,
652,the Wizard of Oz,
653,Jim the Cab - horse,
654,Jim the Cab - horse,
655,Jim the Cab - horse,
655,Jim the Cab - horse,
655,Jim the Cab - horse,
655,Jim the Cab - horse,
656,Jim the Cab - horse,
656,the Wizard of Oz,
657,the Wizard of Oz,
657,the piglets,
657,the piglets,
657,the three,
657,Jim the Cab - horse,
658,the girl,
659,the Wizard of Oz,
659,the Wizard of Oz,
659,the Wizard of Oz,
659,the Prince,
659,the Prince,
659,his people,
659,the girl,
659,the three,
660,the three,
660,the three,
660,Jim the Cab - horse,
661,the domed hall,
661,Dorothy the Lamb,
661,the Lamb,
663,the boy,
663,the boy,
664,some openings that appeared near the top of the dome,
664,Dorothy the Lamb,
665,the Wizard of Oz,
666,us,
666,us,
667,he,
667,he,
669,Dorothy the Lamb and Zebediah,
671,Dorothy the Lamb,
671,these people,
671,Dorothy the Lamb,
672,Zebediah,
674,Zebediah,
675,Zebediah,
676,Zebediah,
676,Zebediah,
677,I,
677,Dorothy the Lamb,
678,Zebediah,
678,Zebediah,
678,he,
678,who,
680,the six colored suns,
681,the Wizard of Oz,
681,the Wizard of Oz,
681,the Wizard of Oz,
681,the Wizard of Oz,
681,the Wizard of Oz,
681,the Wizard of Oz,
682,the Wizard of Oz,
683,the Wizard of Oz,
683,the Wizard of Oz,
684,the Wizard of Oz,
684,the Wizard of Oz,
684,the Wizard of Oz,
685,the Wizard of Oz,
685,the Wizard of Oz,
685,the Wizard of Oz,
685,I,
685,I,
686,the Wizard of Oz,
687,the boy,
688,the three,
688,the three,
688,the three,
688,the three,
688,the three,
689,I,
689,I.,
690,I,
691,the Wizard of Oz,
692,them,
692,them,
692,the boy,
693,Dorothy the Lamb,
693,Dorothy the Lamb,
694,Dorothy the Lamb,
694,Dorothy the Lamb,
695,the Wizard of OzOz,
696,I,
696,I,
697,they,
697,they,
697,the doorway,
697,they,
697,the Princess and a throng of the Princess 's people,
698,they,
698,they,
698,the beautiful vegetable lady,
698,I,
698,my advisors,
698,they,
699,they,
699,Dorothy the Lamb,
700,you,
701,the Wizard of Oz,
702,We,
702,the Princess,
702,the Twining Vines,
702,the Twining Vines,
703,you,
703,We,
703,We,
704,We 's country,
705,the Wizard of Oz,
708,you,
708,the Princess,
708,one of you 's own,
708,one of you 's own,
708,you,
708,you,
709,you,
709,you,
710,I,
710,I,
711,I,
711,I,
712,I,
712,I,
712,you,
713,you,
713,you,
714,his trick of producing the nine tiny piglets and making them disappear again,
715,you,
716,you,
716,you,
717,you,
717,you,
718,even that,
719,Zebediah,
719,you,
719,Zebediah,
720,he,
720,he,
720,he,
720,he,
720,Your Highness,
720,he,
721,he,
721,he,
722,he,
722,their,
723,he,
723,he,
724,a lantern,
725,The Mangaboos,
726,the Wizard of Oz,
727,the Wizard of Oz,
727,the effect,
728,the Wizard of Oz,
728,those of Princess 's advisors,
728,Princess 's,
728,Princess 's,
728,who,
729,your advisors,
729,who,
729,those of your advisors who wished to throw us into the Garden of Clinging Vines,
729,your advisors,
729,who,
730,any,
730,the light,
731,The advisors of the Princess,
731,the Princess,
732,The advisors of the Princess,
734,the Princess,
734,we,
735,the Princess 's people,
735,the Princess,
735,the Princess 's subjects,
735,the Princess 's subjects,
736,The Wizard of Oz,
736,The Wizard of Oz,
736,the Princess,
736,the Pink Kitten,
736,the Pink Kitten,
736,the Pink Kitten,
736,Dorothy the Lamb,
736,the Lamb,
736,the Lamb,
737,we,
737,no night,
738,our friends,
738,our friends,
739,our friends,
739,walking high into the air,
740,our friends,
741,the vines,
741,our adventurers,
742,the Wizard of Oz,
742,the Wizard of Oz,
742,the Wizard of Oz,
742,the Wizard of Oz,
742,the nine tiny piglets,
742,the Wizard of Oz,
742,the Wizard of Oz,
742,the nine tiny piglets,
742,the nine tiny piglets,
742,the nine tiny piglets,
742,the nine tiny piglets,
742,the nine tiny piglets,
742,Eureka the Pink Kitten,
743,the nine tiny piglets,
743,the nine tiny piglets,
743,the nine tiny piglets,
743,the nine tiny piglets,
743,the Pink Kitten,
743,the nine tiny piglets,
743,the nine tiny piglets,
743,Eureka the Pink Kitten,
743,the nine tiny piglets,
743,the nine tiny piglets,
743,Eureka the Pink Kitten,
744,Jim the Cab - horse,
746,he,
746,Eureka the Pink Kitten,
746,"the round , fat piglets",
746,"the round , fat piglets",
747,they,
747,they,
748,"Each of the silent , solemn - eyed Mangaboos",
750,the horse,
750,the horse,
750,the horse,
751,The Mangaboos,
751,them,
752,more of the vegetable people with thorns,
753,the tiny piglets,
753,who,
753,Eureka the Pink Kitten,
753,Eureka the Pink Kitten,
753,Eureka the Pink Kitten,
753,Eureka the Pink Kitten,
753,"Eureka the Pink Kitten , snarling and biting at the thorns pushed toward Eureka the Pink Kitten",
753,the tiny piglets,
753,who,
753,the tiny piglets,
754,The Mangaboos,
754,them,
754,the broad plains,
755,all this,
755,Jim the Cab - horse,
755,Jim the Cab - horse,
755,Jim the Cab - horse,
756,they,
756,they,
756,they,
756,the kitten,
757,the kitten,
758,the kitten,
758,you,
759,the kitten,
760,you,
760,you,
760,you,
761,he,
761,he,
762,he,
762,he,
762,he,
762,he,
762,he,
762,the others,
762,the others,
763,Eureka the Pink Kitten,
763,Eureka the Pink Kitten,
763,the Pink Kitten,
763,Eureka the Pink Kitten,
763,the enemy,
765,the enemy,
765,our animal friends,
765,our animal friends,
766,chunk,
766,the mountain,
766,the mountain,
767,cave,
767,the rainbow rays of the colored suns,
767,cave,
767,the rainbow rays of the colored suns,
768,The Mangaboos,
768,cave,
768,the rainbow rays of the colored suns,
768,The Mangaboos,
768,some of The Mangaboos,
768,The Mangaboos,
768,The Mangaboos,
770,the horse,
771,I,
772,one of the piglets,
772,one of the piglets,
772,the Wizard of Oz,
772,the piglets,
773,the piglets,
773,Eureka the Pink Kitten,
774,Eureka the Pink Kitten,
774,Eureka the Pink Kitten,
774,Eureka the Pink Kitten,
775,Eureka the Pink Kitten,
775,Eureka the Pink Kitten,
776,The Mangaboos,
776,several of The Mangaboos,
776,several of The Mangaboos,
777,The Mangaboos,
777,The Mangaboos,
777,her,
777,her,
778,her,
778,her,
779,her,
779,her,
780,Dorothy the Lamb 's,
780,the Lamb 's,
781,The Wizard of Oz,
781,Zebediah,
782,the boy,
782,the boy,
782,the boy,
783,the girl,
783,the girl,
783,the girl,
783,the girl,
783,she,
783,she,
783,she,
784,Some of the Mangaboos,
784,them,
784,them,
784,the vegetable people,
784,them,
784,them,
785,by the Mangaboos 's Princess,
785,"a busy swarm of Mangaboos , headed by the Mangaboos 's Princess",
786,I,
786,I,
786,I,
786,I,
786,I,
787,I,
787,you,
788,the Princess,
788,the Princess,
788,Zebediah and I,
789,you,
789,you,
789,the little man,
789,the little man,
790,we,
792,Dorothy the Lamb,
794,My,
794,My,
795,I,
796,the Wizard of Oz,
796,I,
797,we,
798,the Wizard of Oz,
798,the Wizard of Oz,
798,the Wizard of Oz,
798,the Wizard of Oz,
799,Zebediah,
799,Zebediah,
800,the wall,
801,Dorothy the Lamb,
802,Zebediah,
802,Zebediah,
802,Zebediah,
802,Zebediah,
803,Zebediah,
804,they,
804,a direction,
804,that,
805,a direction,
805,that,
805,the Wizard of Oz,
805,they,
805,a direction,
805,that,
805,a direction,
805,that,
805,a direction that promised to lead them to the side opposite the Mangaboo country,
806,the Wizard of Oz,
806,the vegetable folk,
806,they,
806,lanterns,
806,the Wizard of Oz,
806,they,
806,they,
806,this tunnel in the great glass mountain,
807,The others,
807,the boy,
807,the boy,
808,they,
808,the Cab - horse,
808,Zebediah,
808,Zebediah driving while the Wizard of Oz and Dorothy the Lamb each,
808,Jim the Cab - horse,
809,the wheels of the buggy,
809,they,
811,Dorothy the Lamb,
812,Dorothy the Lamb,
813,Zebediah,
813,they,
814,they,
814,Zebediah,
814,Zebediah,
815,they,
815,a white light,
815,the colored rainbow lights,
815,the colored rainbow lights,
816,they,
817,Jim the Cab - horse,
817,steps,
817,they,
817,they,
817,they,
817,they,
818,they,
819,pebble paths,
820,orchards,
821,our travelers,
822,our travelers,
822,each,
823,the new arrivals,
823,"by this exquisite scene 's beauties and the fragrance that permeated the soft air , which the new arrivals breathed so gratefully after the confined atmosphere of the tunnel",
823,the fragrance,
823,the new arrivals,
824,they,
827,they,
827,object,
827,they,
830,Jim the Cab - horse,
830,Jim the Cab - horse,
832,Dorothy the Lamb,
832,Dorothy the Lamb,
832,Eureka the Pink Kitten,
833,Zebediah,
835,the Wizard of Oz,
835,the Wizard of Oz,
835,We,
836,We,
837,the Wizard of Oz,
837,the Wizard of Oz,
837,the piglets,
837,the Cab - horse,
837,Jim the Cab - horse,
838,We,
838,the Pink Kitten,
838,the others,
838,the Wizard of Oz,
839,Dorothy the Lamb,
840,The little man,
841,The little man,
842,They,
842,They,
843,They,
843,the piglets,
843,the piglets,
844,a low plant,
845,a single fruit about as large as a peach,
845,Dorothy the Lamb,
845,Dorothy the Lamb,
847,The piglets,
847,the girl,
847,the girl,
847,every one of The piglets,
847,every one of The piglets,
847,every one of The piglets,
848,Zebediah,
848,The piglets,
849,Dorothy the Lamb,
850,They all,
851,the Wizard of Oz,
851,the piglets,
852,the Wizard of Oz,
854,their master,
855,their master,
857,their master,
858,a tiny voice,
859,you,
861,us,
861,another of us,
862,you,
862,you,
862,you,
863,you,
863,you,
863,you,
864,he,
866,I,
866,The piglets,
866,I.,
866,he,
867,I,
868,one of the piglets,
869,We,
869,We,
869,another,
870,We,
870,the Wizard of Oz,
870,We,
871,We,
871,We,
872,him,
872,him,
872,him,
872,him,
872,him,
872,him,
872,him,
873,The travellers,
873,The travellers,
874,they,
877,The meat,
877,the knives and forks,
877,the knives and forks,
877,way,
880,"Dorothy the Lamb , who with Zebediah and the Wizard of Oz now stood in the doorway",
881,A peal of merry laughter,
882,Dorothy the Lamb,
883,the shrill and childish voice of some unseen person,
884,"another voice , soft and womanly",
885,you,
885,a third voice,
885,a third voice,
885,"in a stern , gruff accent",
886,the Wizard of Oz,
887,the man 's voice,
889,the woman,
889,the woman,
890,the man 's,
890,the man 's,
891,the man 's,
892,the woman,
893,you,
893,the Wizard of Oz,
894,the woman 's voice,
895,the woman,
896,the Mangaboos,
896,the Wizard of Oz,
896,you,
898,you,
901,We,
901,We,
902,the woman 's voice,
903,you,
903,you,
905,we,
905,I,
905,I,
905,I,
906,the man 's voice,
907,we,
908,he,
908,Zebediah,
909,Two childish voices,
910,that,
910,he,
911,that,
911,Dorothy the Lamb,
914,He,
914,you,
914,we,
914,you,
914,she,
915,He,
915,the man 's voice,
917,He,
917,He,
917,she,
918,the bears,
918,one of the children 's voices,
919,Dorothy the Lamb,
921,the invisible man,
922,Many large and fierce bears,
922,our Many large and fierce bears,
922,as Many large and fierce bears,
923,the girl,
924,the bears,
924,eat,
924,"by any eye , whether human or animal",
925,the dama - fruit,
925,the Wizard of Oz,
927,the dama - fruit,
927,you,
928,Dorothy the Lamb,
929,the woman 's voice,
930,The dama - fruit,
930,the bears,
930,us,
932,good wanderers,
933,a plate,
933,they,
934,Dorothy the Lamb,
934,Dorothy the Lamb 's companions,
934,Dorothy the Lamb 's companions,
935,they,
935,the woman 's voice,
936,they,
936,the woman 's,
937,the bears,
937,the bears,
937,"a girlish young voice , that belonged to one of the children",
937,a girlish young voice,
938,We,
938,We who live here,
938,We,
938,We who live here,
938,We who live here,
939,We,
939,We,
939,the man,
940,mama,
940,the other childish voice,
941,mama,
941,my,
941,mama,
941,mama,
941,mama,
942,Dorothy the Lamb,
942,Dorothy the Lamb,
943,me,
943,me,
944,me,
944,me,
946,me,
946,me,
947,me,
947,me,
947,me,
948,The girl,
948,The girl 's mother,
948,We,
948,good actions and pleasant ways,
949,We,
949,We,
950,Zebediah,
951,We,
951,The birds,
951,The birds,
951,We,
951,We,
952,we,
952,the cruel bears,
953,the fishes,
953,we,
953,we,
953,the fishes,
954,we,
954,me,
955,we,
956,the Pink Kitten,
956,Eureka the Pink Kitten,
956,the Pink Kitten,
957,you,
958,by the sight of meThe children,
958,you,
958,you,
958,Eureka the Pink Kitten,
958,Eureka the Pink Kitten,
958,me,
959,the others,
959,me,
959,me,
960,an unseen hand,
960,an unseen hand,
961,me,
961,me,
962,you,
962,she,
963,people,
963,we,
963,people,
964,she,
965,you,
965,she,
966,she,
966,she,
966,she,
967,Dorothy the Lamb,
967,you,
967,we,
968,you,
969,to be invis'ble,
969,you,
970,Dorothy the Lamb,
970,Dorothy the Lamb,
970,to lose you,
970,Dorothy the Lamb,
971,you,
971,you,
971,the Lamb,
972,you,
972,the Wizard of Oz,
972,the Wizard of Oz,
972,the Wizard of Oz,
973,one,
973,you 's voice,
973,you,
973,you,
974,you,
974,us,
975,Dorothy the Lamb,
975,Dorothy the Lamb,
976,the Wizard of Oz,
978,the man,
978,you,
978,you,
979,you,
979,the Gargoyles,
980,Zebediah,
981,the man,
982,"Our greatest Champion , Overman - Anu",
982,"Our greatest Champion , Overman - Anu",
982,"Our greatest Champion , Overman - Anu",
982,"Our greatest Champion , Overman - Anu",
982,a bear,
982,a bear,
983,by this gloomy report,
983,Dorothy the Lamb,
984,we,
984,we,
986,Dorothy the Lamb,
986,Dorothy the Lamb,
986,Dorothy the Lamb,
986,the Wizard of Oz,
988,I,
988,Zebediah,
989,I.,
989,Zebediah,
990,Zebediah,
990,Zebediah,
990,I,
991,Zebediah,
992,the man 's voice,
993,Our Champion,
993,Our Champion,
993,the Gargoyles,
993,the Gargoyles,
993,the Gargoyles,
994,Our Champion,
994,Our Champion,
995,the Wizard of Oz,
995,we,
995,we,
995,we,
995,we,
996,me,
996,such a brave Champion,
996,the bears,
997,who,
997,the bears,
998,he,
998,the unseen man,
998,we,
998,by all eyes,
999,he,
999,everyone,
999,the bears,
999,he everyone,
999,the bears,
1000,everyone,
1000,the unseen man,
1000,everyone,
1000,everyone,
1000,the unseen man,
1000,everyone,
1001,everyone,
1001,everyone,
1001,everyone,
1001,any one,
1003,they,
1003,they,
1003,they,
1003,they,
1003,a soft voice,
1005,The Wizard of Oz,
1005,Zebediah,
1006,Dorothy the Lamb,
1006,Jim the Cab - horse,
1007,The owner of the unseen voice,
1007,The owner of the unseen voice,
1007,You,
1008,You,
1008,Dorothy the Lamb,
1009,You,
1010,the bears,
1012,the girl,
1013,"the voice , which from the voice , which from its gentle tones seemed to belong to a young girl 's gentle tones seemed to belong to a young girl",
1013,which,
1013,"which from the voice , which from its gentle tones seemed to belong to a young girl 's gentle tones",
1014,we,
1014,which,
1014,"the voice , which from its gentle tones seemed to belong to a young girl",
1014,"the voice , which from its gentle tones seemed to belong to a young girl",
1015,the voice,
1016,the voice,
1016,Sir,
1016,Sir,
1017,the bears,
1017,we people of Voe,
1019,Sir,
1019,Sir,
1020,The girl,
1020,The girl,
1020,Zebediah,
1020,Zebediah,
1021,He,
1021,the horse,
1021,the horse,
1021,the horse,
1024,you 's unseen friend,
1024,He,
1025,They,
1025,They,
1025,He,
1027,the Wizard of Oz,
1027,The horse,
1027,The horse,
1028,The horse,
1028,The horse,
1028,Zebediah,
1029,the Wizard of Oz,
1029,the Wizard of Oz,
1029,the Wizard of Oz,
1030,the Wizard of Oz,
1030,the Wizard of Oz,
1030,the Wizard of Oz,
1030,the Wizard of Oz,
1030,the Wizard of Oz,
1031,he,
1032,he,
1032,other menacing growls,
1034,the others,
1034,the others,
1035,The Wizard of Oz,
1035,The Wizard of Oz,
1035,The Wizard of Oz,
1035,the horse,
1036,I,
1036,I.,
1036,we 's unknown friend,
1036,we 's unknown friend,
1036,we,
1037,the Wizard of Oz,
1037,we,
1038,Zebediah,
1038,Jim the Cab - horse,
1038,Jim the Cab - horse,
1039,I,
1039,The kitten,
1040,the kitten,
1040,the kitten,
1040,Dorothy the Lamb,
1040,the kitten,
1041,they,
1041,they,
1042,they,
1042,they,
1042,they,
1042,they,
1043,You,
1043,Dorothy the Lamb,
1043,You,
1043,You,
1044,You,
1045,you,
1045,days,
1046,Zebediah,
1046,Jim the Cab - horse,
1047,Jim the Cab - horse,
1047,the thought that more of the invisible bears might be near,
1047,the thought that more of the invisible bears might be near,
1047,Jim the Cab - horse,
1047,a way,
1047,Dorothy the Lamb,
1048,Zebediah,
1048,Jim the Cab - horse,
1048,Jim the Cab - horse,
1051,he,
1052,Dorothy the Lamb,
1053,I,
1053,I,
1053,no bear,
1053,he,
1054,Jim the Cab - horse,
1054,Jim the Cab - horse,
1054,Jim the Cab -,
1054,Jim the Cab -,
1054,the Wizard of Oz and I the Wizard of Oz and Zebediah both,
1055,Dorothy the Lamb,
1055,Dorothy the Lamb,
1055,Dorothy the Lamb,
1055,Dorothy the Lamb,
1056,She,
1056,the kitten,
1056,the old cab - horse,
1056,several curious sounds,
1056,She,
1056,the old cab - horse,
1058,an arched opening leading to a broad stairway,
1058,an arched opening,
1059,a broad stairway,
1059,an arched opening,
1061,These steps,
1064,I,
1064,the Cab - horse,
1064,I,
1065,Jim the Cab - horse,
1067,You,
1068,Zebediah,
1069,you,
1069,Jim the Cab - horse,
1070,We,
1070,the Wizard of Oz,
1072,they,
1072,they,
1072,Jim the Cab - horse,
1072,Zebediah,
1073,the Wizard of Oz,
1074,this,
1074,they,
1074,a rift in the side of the mountain,
1075,they,
1075,a rift in the side of the mountain,
1075,they,
1076,they,
1076,Jim the Cab - horse,
1077,Jim the Cab - horse,
1077,Jim the Cab - horse,
1077,Jim the Cab - horse,
1078,they,
1078,continually climbing up stairs,
1079,they,
1080,The lights from the lanterns,
1080,a broad streak of light ahead,
1081,one side of the mountain,
1081,the stairs,
1082,our travellers,
1084,banks of rolling clouds,
1084,banks of rolling clouds,
1085,Dorothy the Lamb,
1085,banks of rolling clouds,
1085,banks of rolling clouds,
1085,banks of rolling clouds,
1086,Mortals,
1086,Mortals who stand upon the earth and look up at the sky,
1086,banks of rolling clouds,
1086,banks of rolling clouds,
1086,our travellers,
1087,Zebediah,
1088,Dorothy the Lamb,
1090,Zebediah,
1090,Zebediah,
1091,Zebediah,
1092,an occasional strange bird,
1092,an occasional strange bird,
1093,These birds,
1093,Zebediah,
1094,These birds,
1094,the children,
1094,none of These birds,
1095,Zebediah,
1097,They,
1097,a man,
1097,a man,
1097,he,
1097,he,
1097,"a man standing on the floor in the center of the cave , who bowed very politely when a man standing on the floor in the center of the cave , who bowed very politely when he saw he had attracted their attention",
1097,a man standing on the floor in the center of the cave,
1097,he,
1097,he,
1097,their attention,
1098,a man,
1098,he,
1098,he,
1098,a man standing on the floor in the center of the cave,
1098,he,
1098,he,
1098,a man standing on the floor in the center of the cave,
1098,he,
1098,he,
1099,a man standing on the floor in the center of the cave,
1099,he,
1099,he,
1100,a man,
1100,he,
1100,he,
1100,Dorothy the Lamb,
1101,the man with the braids,
1102,the man with the braids,
1102,the man with the braids,
1104,the man with the braids,
1104,the man with the braids,
1106,you,
1106,"the Wizard of Oz , who had been examining you carefully",
1106,the Wizard of Oz,
1107,you,
1108,you,
1108,you,
1109,"the Wizard of Oz , who had been examining the strange personage carefully",
1109,the Wizard of Oz,
1110,you,
1111,I,
1111,I,
1112,we,
1113,I,
1113,I,
1115,I,
1115,I,
1115,I,
1115,This,
1116,you,
1117,my,
1117,my,
1118,you,
1118,you,
1120,you,
1120,the rustles,
1120,you,
1120,"my ,",
1121,he,
1122,he,
1123,many assorted flutters,
1124,You,
1124,"You , You",
1125,You,
1126,I,
1126,I,
1127,I,
1127,I,
1127,I,
1127,I,
1128,I,
1128,I,
1129,You,
1129,I,
1130,I,
1131,I,
1131,I,
1131,I,
1132,to see how the braided man 's eyes sparkled when the braided man 's received this treasure,
1132,her,
1132,the braided man,
1133,her,
1134,the braided man 's,
1134,the braided man 's,
1134,the Wizard of Oz,
1134,her,
1135,her,
1135,the braided man 's 's,
1135,somebody,
1136,you,
1136,the Wizard of Oz,
1137,I,
1138,you,
1138,you,
1138,I,
1139,I,
1139,I,
1140,I,
1141,I,
1141,I,
1141,a new Adjustable Post - hole,
1142,I,
1142,I,
1142,I,
1142,I,
1143,That,
1143,you,
1143,That,
1143,I,
1143,I,
1143,I,
1143,I,
1144,an extraordinary long hole,
1144,you,
1144,I,
1144,I,
1144,you,
1144,I,
1144,the tongues of flame,
1144,the tongues of flame that dart out,
1144,I,
1144,I,
1144,I,
1145,I,
1145,the Lamb,
1145,the Wizard of Oz,
1145,the Wizard of Oz,
1145,the Wizard of Oz,
1146,they,
1146,they,
1146,they,
1147,Another breathless climb,
1148,they,
1148,they,
1149,the Wizard of Oz,
1149,the Wizard of Oz,
1150,which,
1151,we,
1151,one,
1152,Eureka the Pink Kitten,
1152,Eureka the Pink Kitten,
1152,the sight,
1153,Eureka the Pink Kitten,
1154,Mr. Wizard of Oz,
1155,a piglet,
1155,Eureka the Pink Kitten,
1155,Eureka the Pink Kitten,
1155,nothing,
1156,we,
1157,another of we,
1158,another,
1159,a third,
1159,a third,
1159,no one with such murderous desires,
1160,You,
1160,Dorothy the Lamb,
1160,you,
1160,you,
1161,a kitten,
1161,I,
1161,a kitten,
1162,I,
1162,the kitten,
1163,the kitten,
1164,the girl,
1165,the kitten,
1165,Jim the Cab - horse,
1166,I,
1166,you,
1166,I,
1166,I,
1167,you,
1167,I,
1168,you,
1168,you,
1168,you,
1168,I,
1169,you,
1169,you,
1170,I,
1170,I,
1172,the Wizard of Oz,
1173,us all,
1174,I,
1174,I,
1176,I,
1176,I,
1176,the piglets,
1177,No one,
1177,Dorothy the Lamb,
1178,you,
1178,you,
1179,The Wizard of Oz,
1180,you,
1180,We,
1181,Dorothy the Lamb,
1183,I,
1184,No one,
1184,they,
1184,they,
1185,Zebediah and the Wizard of Oz,
1185,Jim the Cab - horse,
1185,Zebediah and the Wizard of Oz,
1187,the little Wizard of Oz,
1188,"Jim the Cab - horse , who was in advance",
1188,Jim the Cab - horse,
1189,"Jim the Cab - horse , who was in advance halted",
1189,"Jim the Cab - horse , who was in advance halted",
1189,"Jim the Cab - horse , who was in advance halted",
1190,we,
1191,he,
1192,the tired Wizard of Oz,
1194,he,
1195,he,
1197,we,
1197,Dorothy the Lamb,
1197,we,
1198,Jim the Cab - horse,
1199,Dorothy the Lamb and my,
1200,little Dorothy the Lamb and I,
1201,little Dorothy the Lamb and I,
1202,the horse,
1203,the horse,
1203,the horse,
1204,they,
1204,they 's eyes,
1206,Zebediah,
1211,wooden cows,
1212,a large group of the queer people clustered near,
1212,the strangers,
1215,The Gargoyles 's faces,
1216,Some,
1216,mouths,
1217,Others,
1219,The tops of many types 's heads,
1219,some,
1219,others,
1219,still others,
1219,squares,
1219,waffles cut,
1220,many types,
1222,They,
1222,They,
1222,They,
1222,They,
1224,The birds,
1224,the cows,
1225,The group of these queer creatures which was discovered clustered near the stairs at first,
1225,The group of these queer creatures which was discovered clustered near the stairs at first,
1226,"the Wizard of Oz and the children , the horse and the kitten",
1227,I.,
1227,I.,
1227,I.,
1227,I,
1228,Zeb,
1229,Zeb,
1229,Zeb,
1230,Zeb,
1230,Zeb,
1230,Zeb,
1231,the Gurgles,
1231,Dorothy the Lamb,
1232,the Gurgles,
1233,the little man,
1233,the Gurgles,
1234,Even these revolvers,
1234,Even these revolvers,
1235,Dorothy the Lamb,
1236,I,
1237,every man,
1237,I,
1237,he,
1238,I,
1238,I.,
1238,we,
1238,we,
1238,I.,
1238,we,
1239,The Gargoyles,
1239,our friends,
1241,The horse,
1241,The Gargoyles,
1242,The horse,
1242,The horse,
1242,The horse,
1242,The horse,
1246,The others,
1246,The others,
1246,his,
1246,his,
1248,the Wizard of Oz,
1248,his,
1249,That,
1249,them,
1249,them,
1250,What,
1250,Dorothy the Lamb,
1252,the Lamb,
1252,the Champion,
1252,the Champion,
1252,we,
1252,the boy,
1253,we,
1253,the boy,
1254,Dorothy the Lamb,
1254,it,
1255,we,
1256,I,
1256,I.,
1256,They,
1257,They,
1258,by many more of They 's kind,
1258,They,
1259,The Wizard of Oz,
1259,The Wizard of Oz,
1260,Some of the wooden beings,
1260,most of his enemies,
1260,most of his enemies,
1260,most of his enemies,
1261,Zebediah,
1261,Zebediah,
1263,the sudden noise,
1264,the creature,
1264,Zebediah,
1264,Zebediah,
1265,Zebediah,
1265,Zebediah,
1265,Zebediah,
1266,the others,
1267,the enemy,
1267,the enemy,
1268,another shot from the Wizard of Oz 's revolver,
1269,Zebediah,
1270,We,
1271,the Wizard of Oz 's,
1271,the Wizard of Oz 's,
1273,The Gargoyles,
1273,The Gargoyles,
1273,a few of The Gargoyles 's band,
1273,a few of The Gargoyles 's band,
1274,by the dreadful report,
1274,the main band,
1275,the little man 's,
1275,the little man 's,
1275,by the noise,
1276,we,
1276,Dorothy the Lamb,
1277,we,
1277,Zebediah,
1278,the Wizard of Oz,
1279,Jim the Cab - horse,
1279,each one,
1279,each one,
1279,each one,
1280,the Wizard of Oz,
1281,Dorothy the Lamb,
1281,Dorothy the Lamb,
1281,the wooden folks,
1282,the Wizard of Oz,
1283,I,
1283,I,
1284,I,
1284,I,
1284,the king,
1285,I,
1286,our adventurers,
1286,our adventurers,
1287,Even the kitten,
1287,Jim the Cab - horse Jim the Cab - horse,
1288,This,
1290,Dorothy the Lamb,
1291,The Wizard of Oz 's,
1292,The Wizard of Oz 's,
1292,The Wizard of Oz 's,
1292,The Wizard of Oz 's,
1292,The Wizard of Oz 's,
1293,The horse,
1293,even Eureka the Pink Kitten,
1293,even Eureka the Pink Kitten,
1293,even Eureka the Pink Kitten,
1295,the Gargoyles,
1295,the Gargoyles,
1296,numbers of the Gargoyles,
1297,even Eureka the Pink Kitten,
1297,even Eureka the Pink Kitten,
1297,even Eureka the Pink Kitten,
1297,Gargoyles,
1297,a grinning Gargoyles,
1298,All of them,
1298,the wooden creatures,
1299,The houses of a wooden city,
1301,The houses of this city,
1301,by the wooden creatures,
1302,the wooden creatures,
1302,the wooden creatures,
1302,the wooden creatures,
1303,they,
1303,they,
1303,they,
1304,they,
1304,they,
1304,they,
1304,the earth people,
1305,to carry Jim the Cab - horse through the air and land Jim the Cab - horse on the high platform,
1305,a good many Gargoyles,
1305,the buggy,
1305,the wooden folks,
1306,Eureka the Pink Kitten 's captor,
1306,the last Gargoyles,
1306,our friends,
1307,Dorothy the Lamb,
1307,Dorothy the Lamb,
1308,I,
1308,I,
1308,I,
1308,we,
1308,we,
1308,nobody,
1308,nobody,
1309,I.,
1309,I,
1309,they,
1309,II 's,
1310,they,
1310,the Wizard of Oz,
1310,they,
1310,they,
1311,Dorothy the Lamb,
1313,we,
1313,we,
1314,we,
1314,we,
1315,"The space underneath the roof , where we stood",
1315,we,
1315,we,
1317,a stair,
1317,their,
1317,their,
1318,Several stories of empty rooms,
1319,their,
1320,their,
1321,their,
1321,their,
1321,their,
1321,the wooden Gargoyles,
1321,the wooden Gargoyles,
1322,the Wizard of Oz,
1323,All people,
1323,All people,
1324,I,
1324,I,
1324,I,
1325,Dorothy the Lamb,
1326,They all,
1327,Jim the Cab - horse,
1329,She,
1330,She,
1330,She,
1331,She,
1331,She,
1332,To climb,
1333,Who,
1333,the horse,
1334,the horse 's school - teacher,
1334,My school - teacher,
1335,the Wizard of Oz,
1336,the horse,
1336,this,
1336,this,
1338,the girl,
1339,The Gurgles,
1340,the old cab - horse,
1341,The Gurgles,
1342,the voice of Eureka the Pink Kitten,
1342,Eureka the Pink Kitten,
1343,Dorothy the Lamb,
1346,the wooden folks,
1346,Dorothy the Lamb,
1348,Zebediah,
1348,by the wooden folks,
1349,any of the Gargoyles,
1349,any of the Gargoyles,
1350,The Wizard of Oz,
1350,Eureka the Pink Kitten,
1351,The Wizard of Oz,
1351,we,
1351,The Wizard of Oz,
1352,we,
1352,Dorothy the Lamb,
1353,Dorothy the Lamb,
1354,the Gargoyles,
1354,the Gargoyles,
1354,the people,
1355,we,
1355,we,
1356,the girl,
1357,the little man,
1358,the girl,
1359,he,
1359,he,
1360,I,
1360,I,
1361,that rock,
1361,we,
1361,we,
1362,he,
1362,I,
1363,he,
1363,I,
1364,it,
1365,she,
1366,I,
1366,I,
1366,it,
1366,another stairway,
1366,another stairway,
1366,we,
1367,we,
1367,we,
1367,we,
1367,we,
1368,I,
1368,I,
1368,we,
1369,the kitten,
1370,the girl,
1371,me,
1371,a long leather strip,
1372,me,
1372,a long leather strip,
1372,me,
1373,Jim the Cab - horse 's,
1374,You,
1374,You,
1375,You,
1375,You,
1376,Eureka the Pink Kitten,
1377,Eureka the Pink Kitten,
1377,You,
1378,the Gargoyles,
1378,the Gargoyles,
1379,I,
1379,I,
1379,I,
1380,Dorothy the Lamb,
1381,I,
1381,I,
1382,Dorothy the Lamb and the Wizard of Oz,
1382,Dorothy the Lamb and the Wizard of Oz,
1382,I,
1383,Eureka the Pink Kitten,
1384,they,
1384,they,
1386,the boy,
1386,the Wizard of Oz,
1387,Zebediah,
1390,him,
1390,him,
1391,him,
1391,him,
1392,the Gargoyles,
1393,the Wizard of Oz,
1393,the Wizard of Oz,
1393,they,
1393,they,
1395,the buggy,
1395,the buggy,
1396,These preparations,
1396,Gargoyles,
1396,Gargoyles,
1396,some of the sleeping Gargoyles,
1397,the prisoners,
1397,the prisoners,
1398,Dorothy the Lamb,
1400,the boy,
1400,the boy,
1401,Jim the Cab - horse,
1402,the Wizard of Oz,
1403,Jim the Cab - horse,
1404,we,
1404,Zebediah,
1405,you,
1405,you,
1406,you,
1406,you,
1406,you,
1407,we,
1407,you,
1407,you,
1407,you,
1408,you,
1408,the Wizard of Oz,
1408,the Wizard of Oz,
1408,we,
1408,we,
1409,anyone,
1409,they,
1409,the air,
1409,the air,
1410,they,
1410,they,
1410,they,
1411,Some of the Gargoyles,
1411,Some of the Gargoyles,
1411,Some of the Gargoyles,
1411,Some of the Gargoyles,
1411,the Lamb,
1411,the Lamb,
1411,a great cloud,
1412,they,
1412,they,
1413,they,
1413,the wooden people,
1413,Jim the Cab - horse,
1414,they,
1414,I,
1415,us,
1415,the Wizard of Oz,
1416,the Wizard of Oz,
1417,They,
1417,the Wizard of Oz,
1418,the Wizard of Oz,
1418,the Wizard of Oz 's,
1418,the Wizard of Oz,
1418,match,
1419,The flames,
1419,the bonfire,
1419,the bonfire,
1421,several doors,
1421,Zebediah and the Wizard of Oz,
1421,Zebediah and the Wizard of Oz,
1421,Zebediah and the Wizard of Oz,
1422,several doors,
1422,the little man,
1422,the little man,
1423,The flames,
1424,us,
1424,us,
1424,us,
1425,their,
1426,A sort of inclined tunnel,
1426,their,
1427,a sudden turn,
1428,a narrow gallery where the buggy could not pass,
1428,a narrow gallery where the buggy could not pass,
1428,their,
1428,their,
1429,the buggy,
1429,the buggy,
1429,the buggy,
1429,their,
1430,Zebediah and the Wizard of Oz,
1430,Zebediah and the Wizard of Oz,
1430,Zebediah and the Wizard of Oz,
1430,Zebediah and the Wizard of Oz,
1430,the buggy,
1431,Zebediah and the Wizard of Oz,
1431,Zebediah and the Wizard of Oz,
1432,Zebediah and the Wizard of Oz,
1432,Zebediah and the Wizard of Oz,
1433,"as to whether Zebediah and the Wizard of Oz were any nearer to the top of the earth than when Zebediah and the Wizard of Oz had started , hours before",
1434,Dorothy the Lamb,
1434,Zebediah and the Wizard of Oz,
1434,Zebediah and the Wizard of Oz,
1435,the Gargoyles,
1435,the Gargoyles,
1435,the Wizard of Oz,
1436,the Gargoyles,
1436,the Gargoyles,
1436,we,
1437,a deep crack in the floor,
1437,enough oil in,
1437,we,
1438,we,
1438,Jim the Cab - horse,
1439,"Dorothy the Lamb , Zebediah and the Wizard of Oz all",
1439,"Dorothy the Lamb , Zebediah and the Wizard of Oz all",
1439,we,
1439,we,
1440,the little party,
1440,the little party,
1441,a vast cave,
1441,a vast cave,
1441,a vast cave,
1443,a vast cave,
1443,the boy,
1443,the boy,
1443,the boy,
1444,I,
1444,I,
1444,I,
1446,Eureka the Pink Kitten,
1446,Eureka the Pink Kitten,
1447,you,
1447,Eureka the Pink Kitten,
1447,we,
1447,Dorothy the Lamb,
1448,"den of alligators , or crocodiles , or some other dreadful creatures",
1449,Dorothy the Lamb,
1449,Dorothy the Lamb,
1450,I,
1450,I,
1450,I,
1453,the girl,
1455,the Lamb,
1457,you,
1457,a rasping voice near by,
1458,creatures,
1458,mother,
1459,you,
1459,the Wizard of Oz,
1461,he,
1462,the owner of the big yellow eyes which were blinking at them so steadily,
1462,the big yellow eyes,
1463,We,
1464,Dorothy the Lamb,
1464,Dorothy the Lamb,
1464,mouth,
1464,the big yellow eyes,
1465,Young dragons,
1465,Young dragons,
1466,The big dragons,
1466,mother,
1467,the Wizard of Oz,
1467,the Wizard of Oz,
1468,mother,
1468,mother,
1469,mother,
1469,mother,
1470,Dorothy the Lamb,
1470,the Lamb,
1471,you,
1471,you,
1472,you,
1473,you,
1475,"Zebediah , who stared at the yellow eyes as if fascinated",
1475,Zebediah,
1476,you,
1476,you,
1476,to say,
1476,you,
1476,you,
1477,you,
1479,Dorothy the Lamb,
1480,the dragonette,
1481,the girl,
1482,your mother,
1482,your mother,
1483,you,
1484,the girl,
1484,the girl,
1485,she,
1486,she,
1486,we,
1486,we,
1487,we,
1487,we,
1487,mother,
1487,we,
1487,we,
1487,we,
1488,she,
1488,we,
1489,all the other dragonettes,
1490,Dorothy the Lamb,
1491,Dorothy the Lamb,
1491,Dorothy the Lamb 's mother,
1492,the Lamb,
1492,the Lamb,
1493,your mother,
1493,your mother,
1493,the Lamb,
1493,the Lamb,
1494,Dorothy the Lamb,
1495,We,
1495,by such awful beasts,
1496,me,
1496,the dragonette,
1496,you,
1496,you,
1496,We,
1497,We,
1497,mother,
1497,mother,
1498,We,
1498,me,
1498,I,
1498,the famous Green Dragon of Atlantis,
1499,me,
1499,I,
1500,Dorothy the Lamb,
1500,Dorothy the Lamb,
1501,the Lamb,
1502,the dragonette,
1502,the dragonette,
1502,its yellow eyes,
1503,by the fact that the creatures could not crawl out of the creatures 's rock - pockets,
1503,the creatures,
1503,to,
1503,the children and the Wizard of Oz,
1506,Dorothy the Lamb,
1506,to grow to this size,
1506,Their,
1506,Their,
1507,me,
1508,one of Their,
1508,the mother dragon,
1509,me,
1510,you,
1510,you 's mother,
1511,another dragonette,
1512,you,
1512,us,
1512,you,
1512,you,
1513,Dorothy the Lamb,
1513,we,
1513,we,
1514,we,
1514,we,
1514,eyes,
1514,we,
1514,two paths,
1514,we,
1515,They,
1515,They,
1515,They,
1515,They,
1516,one of these,
1516,They,
1516,They,
1516,They,
1517,a huge rock,
1517,a huge rock,
1517,They,
1518,a huge rock,
1519,a huge rock,
1519,a huge rock,
1519,a huge rock,
1519,a huge rock,
1519,"a wide , smooth path",
1519,"a wide , smooth path",
1519,a huge rock,
1519,a huge rock,
1520,they,
1520,they,
1520,they,
1520,they,
1521,they,
1522,they,
1522,they,
1523,the rocky wall,
1523,Jim the Cab - horse the cab - horse,
1524,they,
1524,sound,
1524,the turn - table 's broadest surface,
1525,Zebediah,
1525,we,
1527,The mother dragon,
1528,the Wizard of Oz,
1528,The mother dragon,
1529,the Wizard of Oz,
1529,the Wizard of Oz,
1529,so large a beast,
1530,the girl,
1530,the dragon,
1533,the dragon,
1533,the dragon,
1533,my,
1534,Dorothy the Lamb,
1537,this passage,
1537,Zebediah,
1538,we,
1538,the dragon,
1539,Zebediah,
1539,Zebediah,
1540,by those saucy dragonettes,
1541,No one,
1541,the mother,
1542,They,
1543,the Wizard of Oz,
1544,They,
1545,They,
1545,"by the sight of a ray of sunshine coming through a small crack in the roof of the cave , far overhead",
1546,"the sight of a ray of sunshine coming through a small crack in the roof of the cave , far overhead",
1546,They,
1546,They had encountered,
1546,the succession of perilous adventures They had encountered had at last,
1546,which,
1547,They,
1547,They,
1548,Dorothy the Lamb,
1549,Dorothy the Lamb,
1550,the kitten,
1550,tone,
1552,the Wizard of Oz,
1553,Zebediah,
1555,Folks,
1556,that cat and I,
1556,that cat and I,
1556,your,
1557,the nine tiny piglets,
1557,Eureka the Pink Kitten,
1558,the Pink Kitten,
1559,I,
1559,animals,
1559,I,
1560,the horse,
1562,the horse,
1563,The reference to the piglets,
1563,the Wizard of Oz 's pets,
1564,he,
1564,he,
1564,the piglets,
1564,the piglets,
1565,he,
1565,he,
1565,the piglets,
1566,a piglet,
1567,he,
1568,he,
1568,the misfortune,
1569,another piglet,
1570,you,
1571,you,
1571,you,
1571,another piglet,
1572,you,
1572,you,
1574,several of the piglets,
1575,You,
1575,the little man,
1576,the girl,
1577,Our friend Oz,
1578,Our friend Oz,
1578,Our friend Oz,
1579,he,
1579,he,
1580,you,
1580,you,
1580,you,
1580,my,
1581,my,
1582,the greatest humbug wizards,
1582,you,
1582,we,
1583,I,
1583,we,
1584,I,
1584,I,
1584,you,
1585,We,
1585,the Wizard of Oz,
1586,I,
1586,I,
1586,others,
1586,We,
1588,Royal Ozma,
1589,the Wizard of Oz,
1592,the Wizard of Oz,
1594,I,
1594,I,
1594,you,
1595,you,
1595,you,
1596,you,
1596,you,
1596,you,
1597,a pair of magical silver shoes,
1598,you,
1598,you,
1599,you,
1599,you,
1600,"the Wizard of the Land of Oz , who had listened with great interest",
1600,the Wizard of the Land of Oz,
1601,Royal Ozma,
1601,"for the Nome King 's Magic Belt , which is much more powerful than were the Silver Shoes 's powers",
1602,Anyone in a fairy country like the Land of Oz,
1602,you,
1604,at what Zebediah heard,
1604,Zebediah,
1606,Royal Ozma,
1606,an enchanted picture hanging in Royal Ozma 's room,
1607,Royal Ozma,
1607,Royal Ozma,
1607,So - and - so,
1607,an enchanted picture hanging in her room,
1607,she,
1607,her friend,
1609,Royal Ozma,
1609,Royal Ozma,
1609,me,
1609,Royal Ozma,
1609,Royal Ozma,
1610,me,
1610,Royal Ozma,
1610,Royal Ozma,
1610,all of us,
1610,Zebediah,
1611,me,
1612,me,
1612,Royal Ozma,
1612,Zebediah,
1614,the Wizard of Oz,
1615,The rest of us,
1615,you,
1618,I,
1618,they,
1618,a cat,
1619,the boy,
1620,I,
1620,Dorothy the Lamb,
1620,Dorothy the,
1620,Dorothy the Lamb,
1620,Dorothy the Lamb,
1622,the nine tiny piglets,
1623,I.,
1623,I,
1624,I,
1624,I,
1625,I,
1626,I,
1626,I,
1626,I,
1627,you all,
1629,I,
1629,I,
1629,Zebediah,
1630,I,
1630,I,
1630,I,
1630,I,
1630,I,
1631,the boy,
1632,The four nations,
1633,the boy,
1633,they,
1633,the boy,
1634,they,
1634,Dorothy the Lamb,
1635,they,
1636,you,
1636,he,
1637,the Tin Woodman and the Scarecrow,
1637,you,
1639,the Cowardly Lion,
1639,Billina,
1639,Billina,
1640,he,
1640,he,
1640,he,
1642,You,
1642,You,
1642,mine,
1643,You,
1644,mine,
1645,mine,
1646,You,
1648,You,
1648,You,
1649,You,
1650,she,
1650,to carry us all to the Emerald City,
1651,They,
1652,Jim the Cab - horse,
1652,Dorothy the Lamb,
1654,Princess Royal Ozma,
1655,Zebediah,
1656,a wicked witch,
1656,her,
1658,they,
1658,Jim the Cab - horse,
1659,her,
1660,A sawhorse,
1661,I,
1661,I. Dorothy the Lamb did not reply to,
1661,the Lamb,
1661,the Lamb,
1662,Dorothy the Lamb,
1662,I,
1663,the Wizard of Oz,
1663,Dorothy the Lamb,
1663,Dorothy the Lamb,
1663,Dorothy the Lamb,
1664,Zebediah,
1665,we,
1665,Royal Ozma,
1665,the girl,
1666,the girl,
1669,I,
1669,we,
1669,I,
1669,I,
1671,I,
1672,Zebediah,
1672,a voice,
1676,The cab - horse,
1676,Zebediah,
1676,Zebediah,
1676,Zebediah,
1677,people,
1678,the jewel - studded gates of a magnificent palace,
1678,they,
1678,splendid flowers,
1678,pretty fountains,
1679,Zebediah,
1679,Zebediah,
1679,the people,
1679,the people,
1679,the people,
1680,Zebediah,
1680,the cab - horse,
1680,the cab - horse,
1681,Many servants dressed in handsome uniforms,
1681,a pretty girl in a green gown,
1682,the Wizard of Oz,
1682,the Wizard of Oz,
1682,the Wizard of Oz,
1683,my,
1684,little Jellia Jamb -- as pert and pretty as ever,
1684,little Jellia Jamb -- as pert and pretty as ever,
1685,my,
1685,we,
1685,everyone,
1686,the people,
1686,everyone,
1686,a tall soldier in a Captain - General 's uniform,
1687,my,
1688,you,
1688,you,
1689,you,
1689,you,
1690,you,
1691,you,
1691,you,
1691,you,
1691,you,
1692,you,
1692,to note the respect with which you bowed before you,
1692,you,
1692,you,
1694,Zebediah,
1694,Zebediah,
1695,his friend the little Wizard of Oz,
1696,the Princess Royal Ozma,
1696,his friend the little Wizard of Oz,
1696,his friend the little Wizard of Oz,
1697,Zebediah,
1697,eyes,
1698,he,
1698,he,
1699,he,
1700,he,
1700,he,
1701,to know what to do with he,
1701,even Jellia Jamb,
1702,those,
1702,by queer sights,
1702,even Jellia Jamb,
1702,even Jellia Jamb,
1702,even Jellia Jamb,
1703,the Wizard of Oz,
1704,We,
1704,Jellia Jamb,
1704,the Sawhorse,
1705,Jellia Jamb,
1705,I,
1706,Jellia Jamb,
1706,Jellia Jamb,
1707,This,
1707,Jellia Jamb,
1707,Jellia Jamb,
1707,such a big building,
1708,Zebediah,
1708,several of the servants,
1708,they,
1708,Zebediah,
1708,Zebediah,
1709,Jellia Jamb,
1709,Zebediah,
1710,Zebediah,
1711,Zebediah,
1712,Zebediah,
1713,He,
1713,a servant,
1714,He,
1714,He,
1715,He,
1715,one of the attendants,
1715,He,
1715,the clothes,
1715,He,
1715,He,
1715,He,
1715,He,
1715,He,
1715,He,
1716,that he almost feared to sit in the,
1716,he,
1716,a fine bathroom,
1716,by the novelty of He is surroundings,
1716,He,
1716,He,
1717,silk stockings and soft leather slippers with diamond buckles,
1717,He,
1717,He,
1718,an attendant,
1718,He,
1719,He,
1720,Dorothy the Lamb,
1720,Dorothy the Lamb,
1720,the Lamb 's hand,
1721,the Wizard of Oz,
1721,the Wizard of Oz 's presence,
1722,the Wizard of Oz 's bald head and wrinkled features,
1723,Royal Ozma,
1723,the famous man,
1723,the famous man,
1723,Royal Ozma,
1723,the famous man,
1723,the famous man,
1723,the famous man,
1723,the famous man,
1723,the famous man,
1723,the famous man,
1723,the famous man,
1723,the famous man,
1723,one people,
1723,the famous man,
1723,the famous man,
1724,Royal Ozma,
1724,Royal Ozma,
1724,the famous man,
1724,the famous man,
1725,"one , Royal Ozma am",
1725,the famous man,
1725,the famous man,
1726,"the famous man who had built the Emerald City and united the Munchkins , Gillikins , Quadlings and Winkies into one peopleOz",
1726,the famous man,
1726,the famous man,
1726,it,
1726,the famous man,
1726,the famous man,
1726,the famous man,
1726,the famous man,
1727,the famous man,
1727,the famous man,
1727,"the famous man who had built the Emerald City and united the Munchkins , Gillikins , Quadlings and Winkies into one people",
1727,the famous man,
1727,the famous man,
1727,the famous man,
1727,the famous man,
1727,the famous man,
1727,the famous man,
1727,the famous man,
1727,the famous man,
1727,"the famous man who had built the Emerald City and united the Munchkins , Gillikins , Quadlings and Winkies into one people",
1727,"the famous man who had built the Emerald City and united the Munchkins , Gillikins , Quadlings and Winkies into one people",
1727,"the famous man who had built the Emerald City and united the Munchkins , Gillikins , Quadlings and Winkies into one people",
1728,I,
1729,I,
1730,no one,
1730,I,
1730,Royal Ozma,
1731,I,
1733,I,
1733,I,
1734,I,
1734,I,
1735,that,
1735,the Princess,
1736,I,
1736,any object,
1737,I,
1737,I,
1738,my,
1738,my,
1738,those things,
1739,my balloon,
1740,the people,
1740,the people,
1740,the people,
1741,my,
1741,my,
1741,some easy tricks,
1741,the people,
1741,the people,
1742,my,
1742,my,
1742,my,
1743,the Wizard of Oz,
1743,the Wizard of Oz,
1743,the Wizard of Oz,
1743,by a Wicked Witch,
1744,the people,
1744,a Wicked Witch,
1744,a Wicked Witch,
1745,the Wizard of Oz,
1745,four separate countries,
1745,the Wizard of Oz,
1746,the Wizard of Oz,
1746,the Wizard of Oz,
1746,the Wizard of Oz,
1747,by a cyclone,
1747,the Wizard of Oz,
1747,the Wizard of Oz,
1747,a balloon,
1747,a balloon,
1748,I,
1748,I,
1749,I,
1749,I,
1749,I,
1749,the earthquake,
1749,Royal Ozma,
1749,you,
1749,no one,
1749,you,
1750,Oz,
1751,four Witches,
1751,four Witches,
1751,four Witches,
1751,one Ruler,
1751,one Wicked Witch named Mombi,
1751,one Wicked Witch named Mombi,
1751,one Wicked Witch named Mombi,
1752,the Witches,
1752,the Witches,
1753,the people,
1753,the people,
1754,the Wizard of Oz,
1754,two Wicked Witches,
1755,Royal Ozma,
1755,a good Wicked Wicked Witch,
1755,Glinda the Sorceress the Good,
1757,she,
1757,she,
1757,no one,
1757,no one,
1758,I,
1759,Ithe Land of Oz,
1759,I,
1760,We,
1760,I,
1760,I,
1761,my people,
1761,I,
1762,I,
1762,we,
1763,I,
1763,she,
1763,I,
1764,I,
1764,I,
1764,she,
1764,I,
1766,I,
1766,I,
1766,they,
1767,It,
1767,It,
1767,to secure a home like this,
1768,Dorothy the Lamb,
1768,Dorothy the Lamb,
1769,Royal Ozma,
1770,Oz,
1770,Oz,
1770,"Zebediah , who was now feeling more at ease",
1770,Zebediah,
1771,Oz,
1771,Dorothy the Lamb,
1772,I,
1772,messengers,
1772,all of Dorothy the Lamb 's old friends,
1772,all of Dorothy the Lamb 's old friends,
1773,rushed the Scarecrow of Oz,
1773,rushed the Scarecrow of Oz,
1773,the Scarecrow of Oz,
1774,"by the straw man , who was an important personage in OzOz",
1775,I,
1775,I,
1776,"the straw man , who was an important personage in the Land of Oz",
1777,Oz,
1777,I,
1778,Oz,
1778,I,
1779,by a girl named General General Jinjur,
1780,Royal Ozma,
1780,Oz,
1780,Oz,
1781,a servant,
1781,a servant,
1781,a yellow hen,
1782,Dorothy the Lamb,
1782,Dorothy the Lamb,
1784,Dorothy the Lamb,
1785,Billina,
1786,Billina,
1786,Billina,
1786,Billina,
1786,Dorothy the Lamb,
1788,She,
1788,the kitten,
1788,the kitten,
1788,a sharp claw,
1789,She,
1789,the kitten,
1789,the kitten,
1789,the kitten,
1790,Dorothy the Lamb 's,
1792,Dorothy the Lamb 's,
1792,the kitten,
1793,me,
1794,Dorothy the Lamb,
1795,Dorothy the Lamb,
1795,the Lamb,
1796,Everybody,
1796,Everybody,
1796,you,
1796,Dorothy the Lamb,
1796,Dorothy the Lamb,
1798,They,
1801,the Emperor of the Winkies the Winkies,
1801,the Emperor of the Winkies the Winkies,
1802,the Emperor of the Winkies,
1802,the Emperor of the Winkies,
1802,of Oz,
1802,the Emperor of the Winkies,
1802,the Emperor of the Winkies,
1802,the little old Wizard of Oz,
1803,It,
1803,me,
1804,you,
1804,you,
1807,It,
1808,Zebediah,
1808,Zebediah,
1810,Princess Royal Ozma,
1810,"Princess Royal Ozma 's friend Mr. H. M. Professor H.M. Wogglebug , T. E.",
1811,the Wizard of Oz,
1811,the Wizard of Oz,
1812,the next visitor,
1812,H. M.,
1812,T. E.,
1814,I,
1814,the Wizard of Oz,
1815,the Wizard of Oz,
1816,I,
1816,I,
1816,I,
1816,I,
1816,I,
1816,I,
1817,Nobody,
1817,the company,
1817,the company,
1817,a merry conversation,
1818,Jim the Cab - horse,
1818,it,
1818,it,
1818,"a large room with a green marble floor and carved marble wainscoting , which was so stately in its appearance",
1819,Jim the Cab - horse,
1819,Jim the Cab - horse,
1819,it,
1819,the attendants,
1819,the attendants,
1819,the attendants,
1820,the attendants,
1820,Jim the Cab - horse,
1820,the attendants,
1821,the attendants,
1821,Jim the Cab - horse,
1822,the horse,
1823,he,
1824,you,
1825,you,
1825,you,
1826,Jim the Cab - horse,
1827,you,
1829,The servants,
1829,a great tray,
1830,"the horse , now thoroughly provoked",
1830,the horse,
1831,you,
1832,you,
1834,the Royal Steward,
1834,your Highness,
1834,"Jim the Cab - horse , who was unused to such titles",
1835,"the Royal Steward , who came in haste and said : "" What would your Highness like for dinner",
1835,the Royal Steward,
1835,your Highness,
1836,your Highness,
1836,your Highness,
1836,"Jim the Cab - horse , who was unused to such titles",
1838,We,
1838,the Steward,
1839,We,
1840,the Steward,
1841,I,
1841,I.,
1841,I,
1842,You,
1842,the respect shown the worn - out old cab - horse,
1842,the worn - out old cab - horse,
1843,the royal attendants,
1844,the royal attendants,
1844,the worn - out old cab - horse,
1845,the royal attendants,
1845,the worn - out old cab - horse,
1845,the worn - out old cab - horse,
1846,the worn - out old cab - horse,
1846,the worn - out old cab - horse,
1846,the worn - out old cab - horse,
1846,the worn - out old cab - horse,
1846,the worn - out old cab - horse,
1846,the worn - out old cab - horse,
1847,Jim the Cab - horse,
1848,The Sawhorse,
1848,the log,
1849,four sticks,
1849,the log,
1849,by accident,
1849,a place chopped in one end of its body,
1849,a place chopped in one end of its body,
1851,Jim the Cab - horse,
1852,the two horses,
1852,each,
1853,Jim the Cab - horse,
1854,you,
1855,Jim the Cab - horse,
1855,Jim the Cab - horse,
1855,Jim the Cab - horse,
1855,Jim the Cab - horse,
1855,Jim the Cab - horse,
1856,you,
1856,you,
1859,a rickety wooden thing like I,
1860,I,
1860,I,
1860,I,
1860,rather crestfallen,
1861,Royal Ozma,
1861,I,
1862,I,
1862,they,
1867,Jim the Cab - horse,
1869,Jim the Cab - horse,
1871,a real horse,
1871,a real horse,
1872,he,
1873,youyou,
1874,by you 's fine points,
1875,you,
1875,you,
1876,the flies,
1876,you,
1878,my,
1878,my,
1879,my 's broad chest,
1879,my,
1879,my,
1880,my,
1880,my,
1881,my,
1881,my,
1882,You,
1882,a fly,
1884,You,
1884,You,
1885,You,
1887,This praise,
1889,Jim the Cab - horse,
1889,Jim the Cab - horse,
1891,Jim the Cab - horse,
1891,Jim the Cab - horse,
1892,I,
1893,I,
1894,Jim the Cab - horse,
1895,the Sawhorse,
1896,Jim the Cab - horse,
1896,Jim the Cab - horse,
1897,anything,
1897,me,
1897,the blood,
1900,You,
1902,You,
1903,Jim the Cab - horse,
1903,the wooden horse,
1903,Jim the Cab - horse,
1903,Jim the Cab - horse,
1905,Jim the Cab - horse,
1906,gold,
1907,We,
1907,"We ,",
1907,"We ,",
1907,Princess Royal Ozma,
1908,Jim the Cab - horse,
1908,Jim the Cab - horse,
1909,two enormous savage beasts,
1910,the Sawhorse,
1912,two enormous savage beasts,
1913,him,
1913,him,
1915,eyes,
1915,eyes,
1916,The huge forms of these monarchs of the forest and jungle,
1916,Jim the Cab - horse,
1917,the Sawhorse,
1917,the Sawhorse,
1918,eyes,
1918,eyes,
1919,These royal beasts,
1920,Jim the Cab - horse,
1920,Jim the Cab - horse,
1920,Jim the Cab - horse,
1921,Jim the Cab - horse,
1921,Jim the Cab - horse,
1922,the Sawhorse,
1923,the Lion,
1925,the Lion,
1926,the Lion,
1927,the Lion 's conscience,
1927,the Lion,
1928,I,
1928,I,
1928,a conscience,
1928,I,
1929,I,
1929,I,
1930,your,
1930,your,
1931,I,
1931,your,
1931,I,
1931,a good conscience,
1931,a good conscience,
1932,your,
1932,I,
1932,I,
1932,I,
1932,I,
1933,the Cowardly Lion,
1934,our,
1934,our,
1935,you,
1936,you,
1937,you,
1937,you,
1937,you,
1938,the Cowardly Lion,
1938,you,
1938,you,
1939,I,
1939,I,
1939,nothing,
1939,I,
1940,Dorothy the Lamb,
1940,"Dorothy the Lamb , who had risen early and heard the voices of the animals",
1940,"Dorothy the Lamb , who had risen early and heard the voices of the animals",
1940,Dorothy the Lamb,
1941,Dorothy the Lamb,
1941,"Dorothy the Lamb , who had risen early and heard the voices of the animals",
1941,"Dorothy the Lamb , who",
1941,"Dorothy the Lamb , who",
1941,and heard,
1941,Dorothy the Lamb,
1941,the voices of the animals,
1941,who,
1942,her old friends,
1942,Dorothy the Lamb,
1942,"Dorothy the Lamb , who had risen early and heard the voices of the animals",
1942,the Lamb,
1942,Dorothy the Lamb,
1942,the voices of the animals,
1942,the voices of the animals,
1943,the Lamb,
1943,Dorothy the Lamb,
1943,Dorothy the Lamb,
1943,who had risen early and heard the voices of the animals,
1943,a voice,
1943,the Lamb,
1944,I,
1944,I,
1944,I,
1945,What,
1945,I 's eye,
1947,I,
1948,I,
1950,Ozma,
1951,we,
1952,Ozma,
1953,I,
1953,I,
1954,the girl,
1956,you,
1956,you 's Head,
1956,you,
1957,you,
1957,Royal Royal Ozma,
1957,you,
1957,Royal Royal Ozma,
1958,Royal Royal Ozma,
1958,Royal Royal Ozma,
1960,The little Princess,
1961,us,
1962,The little Princess,
1962,The little Princess,
1963,The people,
1963,all,
1964,the little old man,
1968,"the Imperial Cornet Band of Oz , dressed in emerald velvet uniforms with slashes of pea - green satin and buttons of immense cut emeralds",
1971,The colors,
1973,"by the Cowardly Lion and the Hungry Tiger , who were decorated with immense pink and blue bows",
1974,Dorothy,
1974,Dorothy the Lamb,
1974,the Lamb,
1975,the Scarecrow of Oz,
1975,the people,
1975,the people,
1976,by Dorothy the Lamb,
1977,by Dorothy,
1977,by clockwork,
1978,by Dorothy the Lamb,
1978,"the famous machine - man called Tik - tok , who had been wound up by Dorothy the Lamb for the occasion",
1978,the Lamb,
1978,by Dorothy the Lamb,
1978,by Dorothy the Lamb,
1979,the members all,
1980,the members all,
1980,the members all,
1982,a group of students from the Royal College of Scientific Athletics,
1982,a group of students from the Royal College of Scientific Athletics,
1982,a group of students from the Royal College of Scientific Athletics 's college,
1982,a group of students from the Royal College of Scientific Athletics,
1982,which,
1983,The brilliantly polished Emperor of the Winkies,
1985,by Zebediah,
1985,the Wizard of Oz,
1985,the Wizard of Oz,
1985,the people,
1986,the citizens,
1986,the citizens,
1986,the Wizard of Oz,
1987,the Wizard of Oz,
1987,the Wizard of Oz,
1988,the Wizard of Oz,
1988,all of the nine tiny piglets,
1989,at The pretty little creatures 's appearance as even the Wizard of Oz could have desired,
1989,even the Wizard of Oz,
1990,even the Wizard of Oz,
1990,Royal Ozma,
1991,Royal Ozma,
1992,even the Wizard of Oz,
1992,even the Wizard of Oz,
1992,even the Wizard of Oz,
1992,Royal Ozma,
1992,Royal Ozma,
1992,Royal Ozma,
1992,Royal Ozma,
1992,one of them,
1993,even the Wizard of Oz,
1993,his famous trick,
1994,even the Wizard of Oz,
1994,even the Wizard of Oz,
1994,even the Wizard of Oz,
1994,no one,
1995,enough material,
1995,him,
1995,him,
1995,him,
1995,him,
1995,he,
1996,him,
1996,several other wonderful feats,
1996,his audience,
1996,him,
1996,him,
1997,his audience,
1997,several other wonderful feats,
1997,that,
1997,him,
1997,him,
1998,him,
1998,him,
1998,him,
1998,him,
1999,him,
2000,our friends,
2000,Jim the Cab - horse,
2001,they all,
2002,Royal Ozma and Royal Ozma 's guests,
2002,the people,
2003,the folks of Oz,
2003,such a distinguished company,
2003,Zebediah,
2003,Zebediah,
2004,a little Munchkin who seemed to be the champion,
2004,a little Munchkin,
2004,a little Munchkin,
2004,seemed to be the champion,
2004,a,
2005,a little Munchkin who seemed to be the champion,
2006,Zebediah 's defeat,
2006,the pretty Princess,
2006,the pretty Princess,
2006,Zebediah,
2006,the Munchkin,
2007,Zebediah,
2007,Zebediah,
2007,the Munchkin,
2007,the tears,
2008,This,
2008,Zebediah,
2008,Zebediah,
2008,Zebediah,
2008,the pretty Princess,
2008,the pretty Princess,
2009,the Scarecrow of Oz,
2009,at,
2009,the Sawhorse,
2009,the Sawhorse,
2010,the Cab - horse,
2011,the Sawhorse,
2012,Jim the Cab - horse,
2012,Jim the Cab - horse,
2013,the Sawhorse,
2013,the Sawhorse,
2014,we,
2014,we,
2014,the Scarecrow of Oz,
2015,who,
2015,the Scarecrow of Oz 's excellent brains,
2016,I,
2016,I,
2016,all,
2016,you,
2017,Zebediah,
2019,I,
2020,I,
2020,I,
2021,I,
2021,I,
2022,the Scarecrow of Oz,
2023,Jim the Cab - horse,
2024,the Sawhorse,
2025,the Sawhorse,
2026,my friend the Real Horse,
2027,they,
2027,they,
2028,my,
2028,my,
2028,them,
2028,them,
2028,them,
2029,you,
2030,The first one,
2031,you,
2031,you,
2031,you,
2031,Jim the Cab - horse,
2032,the wooden dummy,
2033,the wooden dummy,
2033,the wooden dummy,
2035,Zebediah,
2035,the two horses,
2036,Jim the Cab - horse 's big hoofs,
2036,Jim the Cab - horse,
2036,Jim the Cab - horse,
2036,Jim the Cab - horse,
2038,the Sawhorse,
2039,they,
2039,by the Ozites,
2039,the cab - horse,
2040,I,
2040,the cab - horse,
2041,the cab - horse,
2041,the cab - horse,
2041,the Sawhorse,
2041,the cab - horse,
2041,a vicious kick,
2041,the cab - horse,
2041,the cab - horse,
2041,a vicious kick,
2042,the Tiger,
2042,the Tiger,
2043,the Tiger,
2043,the Tiger,
2043,by the ungracious act Jim the Cab - horse had been guilty of,
2044,Jim the Cab - horse,
2044,the Cowardly Lion,
2044,their eyes,
2045,Jim the Cab - horse,
2046,Jim the Cab - horse,
2047,He,
2047,He,
2047,a horse of flesh,
2047,the Hungry Tiger and the Cowardly Lion,
2047,the Hungry Tiger and the Cowardly Lion,
2047,the Hungry Tiger and the Cowardly Lion,
2047,the Hungry Tiger and the Cowardly Lion,
2048,No one,
2048,the Cowardly Lion,
2048,Zebediah,
2048,Zebediah,
2048,the Cab - horse,
2049,the Emperor of the Winkies,
2049,the Emperor of the Winkies,
2049,the Princess,
2049,the Princess,
2050,the Princess,
2050,"He , the Princess",
2051,the Princess,
2051,the Princess,
2052,I,
2052,I,
2052,I,
2054,Zebediah,
2054,I,
2054,I,
2055,such old friends,
2055,between such old friends,
2056,Royal Ozma,
2056,Royal Ozma,
2057,Dorothy the Lamb 's,
2057,Dorothy the Lamb,
2057,Dorothy the Lamb,
2058,the Lamb 's,
2058,I,
2059,her maid,
2059,they,
2060,I,
2060,her maid,
2061,Royal Ozma,
2063,you,
2063,you,
2064,the Princess,
2065,you,
2065,the Lamb 's white kitten,
2065,the Lamb 's white kitten,
2066,Dorothy the Lamb 's and the Wizard of Oz,
2066,Dorothy the Lamb 's and the Wizard of Oz,
2066,the Lamb and the Wizard of Oz,
2066,Eureka the Pink Kitten,
2066,Eureka the Pink Kitten,
2067,The little girl,
2068,The little girl,
2068,us,
2068,us,
2069,us,
2069,us,
2070,us,
2071,The little girl,
2072,the Princess,
2072,by that horrid kitten,
2073,I,
2073,the Pink Kitten,
2074,I,
2075,we,
2075,that horrid kitten,
2075,that horrid kitten,
2076,The green maiden,
2076,The green maiden,
2077,that horrid kitten,
2077,that horrid kitten,
2077,The green maiden,
2078,Dorothy the Lamb,
2080,the Lamb,
2080,Dorothy the Lamb,
2082,Dorothy the Lamb,
2083,I,
2083,I,
2086,I,
2087,me,
2087,me,
2087,me,
2088,you,
2088,by this threat,
2089,me,
2090,Princess Ozma,
2090,Princess Ozma,
2091,me,
2093,Dorothy the Lamb,
2094,Dorothy the Lamb,
2094,Eureka the Pink Kitten,
2095,Eureka the Pink Kitten,
2095,Eureka the Pink Kitten,
2096,Eureka the Pink Kitten,
2096,Dorothy the Lamb,
2097,Eureka the Pink Kitten,
2097,Jellia Jamb,
2098,you,
2098,you,
2098,you,
2099,Who,
2100,Royal Ozma,
2101,you 's actions alone,
2102,Royal Ozma,
2102,you,
2103,you,
2103,you,
2104,you,
2105,Dorothy the Lamb,
2106,you,
2106,Dorothy the Lamb,
2107,by you 's conduct,
2108,She,
2108,She,
2108,by law,
2109,her Captain - General,
2109,Dorothy,
2109,her Captain - General,
2110,we,
2110,the Scarecrow of Oz,
2110,such a crime,
2111,I,
2111,the Court,
2111,I.,
2111,this cat,
2112,Dorothy the Lamb,
2113,Dorothy the Lamb,
2114,the Scarecrow of Oz,
2116,the Scarecrow of Oz,
2116,the Emperor of the Winkies,
2116,the Emperor of the Winkies,
2116,the Emperor of the Winkies,
2117,no one,
2117,no one,
2118,the Emperor of the Winkies,
2119,Royal Ozma,
2119,animals,
2119,we people,
2121,That,
2121,the law,
2121,all Royal Ozma 's people,
2122,They,
2123,that,
2126,The Wizard of Oz,
2126,Eureka the Pink Kitten 's,
2126,The Wizard of Oz,
2126,a kitten,
2126,a kitten 's nature,
2126,we,
2126,the tame cat that we keep in our houses today,
2127,The Wizard of Oz,
2127,The Wizard of Oz,
2127,The Wizard of Oz,
2127,The Wizard of Oz,
2128,The Wizard of Oz,
2128,The Wizard of Oz,
2128,The Wizard of Oz,
2128,the Emperor of the Winkies 's,
2128,The Wizard of Oz,
2128,Dorothy the Lamb 's,
2128,Dorothy the Lamb 's,
2128,Dorothy the Lamb 's,
2129,Dorothy the Lamb 's 's disgrace and death,
2129,Dorothy the Lamb 's 's disgrace and death,
2129,Dorothy the Lamb 's 's disgrace and death,
2130,The Wizard of Oz,
2130,The Wizard of Oz,
2131,The Wizard of Oz,
2132,the Emperor of the Winkies,
2132,the jury,
2132,the Emperor of the Winkies,
2132,the Emperor of the Winkies,
2133,no one,
2134,This deception,
2135,your,
2135,your,
2135,your,
2135,your 's kind heart,
2135,your,
2135,your,
2135,my kind heart,
2136,your,
2136,you,
2137,some,
2137,your,
2137,your,
2137,your,
2137,your,
2138,"citizens , men , women and children",
2141,"the queerly assorted Jury -- animals , animated dummies and people",
2142,The kitten,
2143,the Professor H.M. Wogglebug,
2144,the Professor H.M. Wogglebug,
2145,the Professor H.M. Wogglebug,
2145,the jury,
2145,the jury,
2145,the jury,
2146,a grave crime,
2147,the Professor H.M. Wogglebug,
2147,you,
2147,my,
2148,the Professor H.M. Wogglebug,
2149,the Professor H.M. Wogglebug,
2149,the Professor H.M. Wogglebug,
2149,the Professor H.M. Wogglebug,
2149,anything,
2149,the Professor H.M. Wogglebug,
2150,the Scarecrow of Oz,
2151,the Professor H.M. Wogglebug,
2152,the Scarecrow of OzOz,
2153,the Public Accuser,
2153,you,
2154,the Public Accuser,
2154,the Public Accuserthe Public Accuser 's,
2154,the Public Accuserthe Public Accuser 's,
2155,the Public Accuser,
2156,the Public Accuser,
2156,the Public Accuser,
2156,the Scarecrow of Oz,
2157,the Public Accuser,
2157,the Public Accuser,
2157,The mind,
2157,the Scarecrow of OzOz,
2159,the Professor H.M. Wogglebug,
2159,the Professor H.M.,
2160,the Professor H.M. Wogglebug,
2160,Your Highness,
2161,the Professor H.M. Wogglebug,
2161,the Professor H.M. Wogglebug,
2162,the Professor H.M.,
2162,the Professor H.M. Wogglebug,
2162,the criminal,
2162,the criminal,
2162,no one,
2162,Your Highness,
2163,I,
2163,the murderer 's,
2163,I,
2163,the Scarecrow of Oz,
2164,I,
2165,we,
2166,the Scarecrow of Oz,
2166,your mind 's eye,
2166,the fat piglet,
2166,the Scarecrow of OzOz,
2168,I,
2168,so awful a crime,
2168,Fellow Citizens and Creatures of the Jury,
2168,Fellow Citizens and Creatures of the Jury,
2170,the Princess,
2170,Prisoner,
2172,the Princess,
2172,Prisoner,
2173,you,
2173,the Professor H.M. Wogglebug,
2173,the Professor H.M.,
2174,Dorothy the Lamb,
2175,the Emperor of the Winkies,
2175,you,
2176,the Emperor of the Winkies,
2178,the kitten 's,
2178,countenance,
2179,the kitten 's,
2180,the kitten 's,
2181,such a gentle animal,
2182,the kitten 's,
2182,you,
2183,I,
2183,I,
2183,you,
2184,you,
2184,you,
2184,it,
2184,it,
2185,you,
2185,you,
2186,you,
2187,it,
2187,those,
2187,the Emperor of the Winkies,
2188,the Emperor of the Winkies,
2189,the Emperor of the Winkies,
2189,our great poet,
2189,hunger 's seat,
2189,"friends of the Jury , and friends of the Jury",
2190,no one,
2190,few,
2190,the Emperor of the Winkies,
2191,the Jury,
2191,the Jury,
2192,The huge beast,
2192,Kittens,
2192,Kittens,
2192,whatever,
2193,The jury,
2193,the white kitten known as Eureka the Pink Kitten,
2193,by Princess Royal Ozma,
2193,The jury,
2194,Dorothy the Lamb,
2195,Princess Royal Ozma,
2195,the Emperor of the Winkies 's,
2196,the Emperor of the Winkies 's,
2197,The kitten,
2198,He,
2198,He,
2199,Royal Ozma,
2200,all,
2200,all,
2200,that the prisoner had escaped death and been proved to be innocent,
2200,the prisoner,
2201,Royal Ozma,
2201,Royal Ozma,
2201,Royal Ozma,
2202,you,
2203,you,
2204,the Scarecrow of Oz,
2205,you,
2206,my,
2207,I,
2207,I,
2207,the Wizard of Oz,
2208,the Wizard of Oz,
2208,the Wizard of Oz,
2209,the Wizard of Oz,
2210,the Emperor of the Winkies,
2211,the piglet that was lost,
2211,I,
2211,all,
2213,Royal Ozma,
2214,the Wizard of Oz,
2215,the Wizard of Oz,
2215,Eureka the Pink Kitten,
2215,Eureka the Pink Kitten,
2215,Eureka the Pink Kitten,
2216,Eureka the Pink Kitten,
2217,the kitten,
2217,tone,
2217,the kitten,
2217,the kitten,
2217,the kitten,
2217,the kitten,
2217,the Princess,
2217,the Princess,
2218,the Princess,
2218,the Princess,
2218,the Princess,
2219,the kitten,
2219,the kitten,
2219,the little pig,
2219,no one,
2220,the kitten,
2221,a big vase that was standing on the floor,
2222,I,
2222,I,
2222,the piglet,
2222,I,
2223,at this confession,
2223,Royal Ozma,
2223,an officer,
2224,an officer,
2224,Royal Ozma,
2224,an officer,
2224,an officer,
2224,Royal Ozma,
2224,Eureka the Pink Kitten,
2224,Eureka the Pink Kitten,
2225,the Emperor of the Winkies,
2225,the Emperor of the Winkies,
2226,the crowd,
2226,Dorothy the Lamb,
2226,Dorothy the Lamb,
2226,Dorothy the Lamb,
2227,you,
2228,she,
2229,tell,
2229,you,
2229,you,
2230,Royal Ozma,
2230,the Wizard of Oz,
2230,Emperor of the Winkies,
2230,Royal Ozma,
2230,Royal Ozma,
2232,Eureka the Pink Kitten,
2232,Eureka the Pink Kitten,
2233,the folks of Oz,
2233,Eureka the Pink Kitten,
2233,Eureka the Pink Kitten,
2233,only an accident,
2233,Eureka the Pink Kitten,
2233,even the Hungry Tiger,
2234,Eureka the Pink Kitten,
2234,Eureka the Pink Kitten,
2234,Eureka the Pink Kitten,
2234,Dorothy the Lamb 's,
2234,Eureka the Pink Kitten,
2235,Dorothy the Lamb 's,
2236,the little girl,
2236,Royal Ozma,
2236,the little girl,
2236,Royal Ozma,
2237,She,
2237,She,
2237,the picture,
2237,the child,
2238,the child,
2238,the child,
2238,both he and Aunt Them,
2239,the child,
2240,Zebediah,
2240,Zebediah,
2240,Zebediah,
2240,the sight of Uncle Hugson 's Ranch in the picture,
2241,all the people,
2241,Zebediah,
2243,Jim the Cab - horse,
2243,I,
2243,Jim the Cab - horse,
2244,you,
2244,you,
2245,Royal Ozma,
2245,Royal Ozma,
2246,I,
2246,you,
2247,I,
2247,I,
2248,the Wizard of Oz,
2248,the Scarecrow of Oz,
2248,the Emperor of the Winkies,
2248,everybody,
2248,everybody,
2249,Dorothy the Lamb,
2249,Dorothy the Lamb,
2249,the Yellow Hen,
2250,the Princess,
2250,They,
2251,They,
2251,many of the officials and courtiers,
2252,Dorothy the Lamb,
2253,the little Wizard of Oz,
2253,the little Wizard of Oz,
2253,the little Wizard of Oz,
2253,the little Wizard of Oz,
2253,the little Wizard of Oz,
2254,Uncle Henry and Aunt Them,
2254,the little Wizard of Oz,
2254,the little Wizard of Oz,
2255,the little Wizard of Oz,
2255,the little Wizard of Oz,
2255,the little Wizard of Oz,
2256,Zebediah,
2256,by the suddenness of disappeared,
2257,Royal Ozma,
2258,Zebediah,
2258,Zebediah,
2259,Jim the Cab - horse,
2259,Jim the Cab - horse,
2260,we,
2262,He,
2262,He,
2263,Jim the Cab - horse,
2263,Jim the Cab - horse,
2263,Jim the Cab - horse,
2264,Hugson 's,
2267,he,