name,sentence_id,,,,,
,,,,,,
Woot,1
Tin Woodman,1
Scarecrow of Oz,2
Woot the Wanderer,8
Winkie,8
Tin Woodman,9
Tin Woodman,9
Woot,10
Wanderer,10
Woot,11
Woot,18
Wanderer,18
Tin Woodman,19
Scarecrow,19
Woot,21
Wanderer,21
Tin Woodman,23
Woot the Wanderer,25
Scarecrow,25
Woot,28
Honorable Strawness,29
Tin Woodman,32
Woot,33
Scarecrow,35
Tin Woodman,37
Scarecrow,39
Wanderer,40
Winkies,42
Tin Woodman,45
Wanderer,47
Scarecrow,49
Winkie,50
Tin Woodman,55
Woot the Wanderer,58
Munchkin,62
Woot,62
Nimmie Amee,65
Witch,68
Witch,69
Nimmie Amee,69
Witch,69
Witch,70
Woot the Wanderer,71
Witch,73
Woot,78
Nimmie Amee,81
Witch,82
Nimmie Amee,85
Witch,86
Nimmie Amee,87
Woot,89
Wanderer,89
Tin Man,89
Witch,90
Nimmie Amee,90
Witch,93
Witch,94
Nimmie Amee,95
Nimmie Amee,99
Witch,99
Wicked Witch,101
Nimmie Amee,104
Nimmie Amee,105
Witch,105
Wicked Witch,108
Nimmie Amee,109
Nick,110
Nick Chopper,110
Tin Woodman,114
Nimmie Amee,115
Woot the Wanderer,116
Nimmie Amee,121
Witch,124
Woot,125
Nimmie Amee,126
Dorothy,129
Scarecrow,129
Dorothy,131
Wanderer,131
Wicked Witch,133
Witch,134
Scarecrow,135
Dorothy,135
Witch,135
Tin Woodman,136
Scarecrow,136
Dorothy,136
Wizard,137
Nimmie Amee,137
Wizard,138
Kind,138
Loving,138
Woot,141
Wizard,141
Wizard,145
Munchkin,145
Empress,145
Tin Woodman,146
Wanderer,146
Scarecrow,147
Tin Woodman,150
Scarecrow,150
Nimmie Amee,151
Wanderer,153
Nimmie Amee,153
Scarecrow,155
Scarecrow,157
Woot,158
Wanderer,158
Tin Woodman,159
Nimmie Amee,160
Nick Chopper,160
Winkies,160
Woot,161
Tin Man,162
Scarecrow,166
Roundabout Woot,170
Wanderer,170
Winkie,172
Scarecrow,173
Woot,174
Scarecrow,174
Scarecrow,176
Woot,178
Scarecrow,178
Woot,180
Wanderer,180
Tin Woodman,181
Scarecrow,181
Emperor,181
Ozma of Oz,184
Winkies,184
Munchkin,187
Scarecrow,188
Tin Woodman,189
Nimmie Amee,189
Scarecrow,190
Woot,191
Scarecrow,193
Nimmie Amee,194
Nimmie Amee,197
Scarecrow,198
Tin Woodman,198
Nimmie Amee,201
Nimmie Amee,202
Ozma,202
Dorothy,202
Betsy Bobbin,202
Tiny Trot,202
Nimmie Amee,202
Woot,203
Tin Man,205
Tin Woodman,207
Wanderer,211
Scarecrow,211
Woot,212
Scarecrow,216
Scarecrow,217
Woot,218
Woot,221
Scarecrow,222
Tin Woodman,222
Scarecrow,223
Woot,225
Scarecrow,227
Scarecrow,229
Tin Woodman,229
Scarecrow,230
Wogglebug,231
Woot,232
Tin Woodman,232
Scarecrow,233
Woot,246
Wanderer,246
Woot,246
Scarecrow,247
Woot,247
Tin Woodman,247
Scarecrow,249
Woot,250
Tin Woodman,251
Loonville,254
Scarecrow,254
Loonville,257
Tin Woodman,257
Scarecrow,258
Woot,259
Wanderer,259
Scarecrow,261
Tin Woodman,263
Woot,265
Friend Scarecrow,265
Woot,266
Loonville,269
Scarecrow,270
Dorothy,271
Ozma,271
Tin Man,273
Woot,274
Scarecrow,274
Tin Woodman,275
Woot,278
Scarecrow,279
Woot,279
Scarecrow,285
Woot,286
Tin Woodman,289
Bal,293
Scarecrow,295
Loon,299
Bal,300
Loon,302
Loon,305
Panta Loon,316
Loon,318
Bal,318
Loons,318
Panta Loon,319
Scarecrow,319
Tin Woodman,319
Woot the Wanderer,319
Loons,323
Loon,326
Bal,328
Loon,330
Til Loon,332
Til,333
Loon,336
Scarecrow,341
Scarecrow,342
Loon,343
Tin Woodman,343
Til,344
Loon,344
Woot,344
Wanderer,344
Woot,346
Loon,347
Panta,349
Loons,350
Panta,350
Panta,352
Panta,357
Til,362
Woot,363
Tin Woodman,363
Loon,364
Woot,365
Wanderer,366
Woot,367
Wanderer,367
Til Loon,371
Woot,373
Wanderer,374
Tin Woodman,374
Woot,376
Scarecrow,376
Tin Woodman,377
Loon,378
Bal Loon,378
Bal,381
Scarecrow,384
Woot,385
Woot,386
Tin Woodman,387
Scarecrow,390
Tin Woodman,392
Scarecrow,393
Woot,393
Yoop,395
Giantess,395
Tin Woodman,404
Woot,406
Woot,410
Scarecrow,412
Yoop,414
Yoop,416
Woot,419
Nick Chopper,419
Woot,420
Scarecrow,424
Giantess,433
Giantess,438
Woot,440
Giantess,441
Madam,442
Scarecrow,442
Yoop,444
Giantess,445
Woot,445
Yoop,446
Yoop,447
Woot,448
Yoop,450
Yoop,451
Yoop,452
Woot,456
Scarecrow,457
Nick Chopper,457
Yoop,458
Witch,460
Woot,460
Witch,461
Witch,462
Giantess,464
Scarecrow,465
Yoop,465
Polychrome,468
Tin Woodman,469
Polychrome,470
Giantess,471
Polychrome,472
Rainbow,473
Poly,473
Woot,477
Polychrome,477
Giantess,478
Giantess,479
Polychrome,480
Rainbow,480
Yookoohoo,480
Scarecrow,481
Yoop,481
Tin Woodman,483
Scarecrow,488
Yoop,488
Tin Woodman,488
Yoop,488
Scarecrow,489
Giantess,494
Scarecrow,496
Tin Woodman,496
Woot,502
Woot,506
Scarecrow,511
Mercy,512
Scarecrow,520
Tin Woodman,521
Woot,522
Wanderer,522
Giantess,523
Yookoohoo Woot,525
Scarecrow,525
Tin Woodman,525
Yoop,525
Giantess,526
Yoop,530
Tin Man,531
Scarecrow,531
Giantess,532
Tin Woodman,533
Nimmie Amee,533
Scarecrow,534
Ozma,534
Oz,534
Dorothy,534
Jack Pumpkinhead,534
Pipt,534
Tik,534
Woot,535
Giantess,536
Loons,536
Yoop,537
Ozma,538
Scarecrow,538
Glinda the Good,538
Wizard,538
Ozma,538
Ozma,539
Giantess,539
Ozma,541
Tin Woodman,541
Ozma,542
Ozma,543
Giantess,543
Yoop,547
Giantess,548
Tin Woodman,550
Scarecrow,550
Woot,550
Wanderer,550
Scarecrow,554
Emperor,554
Woot,555
Giantess,556
Giantess,560
Woot,562
Giantess,564
Woot,564
Woot,566
Yoop,567
Woot,578
Yoop,583
Scarecrow,585
Tin Man,587
Tin Woodman,587
Owl,587
Nick Chopper,588
Emperor of the Winkies,588
Owl,588
Giantess,592
Tin Owl,592
Scarecrow,597
Yoop,597
Tin Woodman,597
Woot,598
Scarecrow,607
Scarecrow,609
Scarecrow,610
Brown Bear,611
Brown Bear,611
Scarecrow,611
Woot,612
Brown Bear,613
Scarecrow,614
Bear,614
Owl,619
Woot,619
Giantess,621
Woot,623
Green Monkey,627
Woot,628
Giantess,634
Monkey,636
Woot,638
Yoop,640
Giantess,642
Tin Owl,644
Owl,644
Giantess,647
Bear,648
Scarecrow,648
Giantess,649
Yoop,653
Giantess,654
Woot the Wanderer,654
Nick Chopper,654
Brown Bear,654
Scarecrow,655
Polychrome,656
Scarecrow,657
Yoop,658
Scarecrow,659
Poly,660
Tin Woodman,660
Tin Owl,661
Scarecrow,664
Polychrome,666
Green Monkey,669
Daughter of the Rainbow,669
Giantess,673
Giantess,677
Yoop,678
Green Monkey,679
Canary,680
Yoop,680
Woot,682
Monkey,682
Canary,683
Tin Owl,684
Giantess,685
Polychrome,686
Canary,686
Yoop,688
Brown Bear,691
Yoop,692
Polychrome,693
Canary,693
Bird,693
Owl,694
Bear,694
Monkey,694
Woot the Monkey,696
Giantess,700
Polychrome,702
Yoop,703
Yoop,704
Green Monkey,707
Giantess,708
Monkey,708
Brown Bear,709
Owl,710
Canary,710
Giantess,710
Bear,710
Monkey,710
Yoop,711
Monkey,712
Bear,712
Owl,712
Canary,712
Green Monkey,713
Giantess,714
Yoop,716
Woot,716
Monkey,716
Giantess,716
Woot,718
Canary,718
Rainbow,719
Woot,719
Yoop,725
Green Monkey,726
Giantess,726
Woot,727
Monkey,727
Tin Owl,728
Woot,728
Magic Apron,729
Giantess,729
Polychrome,730
Yoop,730
Giantess,732
Green Monkey,733
Tin Owl,734
Brown Bear,735
Green Monkey,736
Polychrome,737
Yoop,737
Yoop,739
Woot,739
Tin Woodman,739
Polychrome,740
Yoop,741
Green Monkey,742
Canary,743
Brown Bear,746
Tin Owl,747
Green Monkey,748
Monkey,751
Canary,752
Tin Owl,752
Brown,752
Woot,753
Scarecrow Bear,754
Canary,755
Green Monkey,759
Canary,759
Canary,761
Brown Bear,764
Owl,764
Canary,765
Green Monkey,765
Polychrome,766
Tin Owl,767
Nimmie Amee,768
Munchkin,768
Tin Woodman,768
Tin Owl,768
Brown Bear,769
Scarecrow,770
Woot,771
Giantess,772
Brown Bear,773
Woot,773
Canary,775
Polychrome,776
Ozma,776
Tin Owl,776
Giantess,776
Canary,777
Green Monkey,777
Yoop,778
Glinda,778
Good Sorceress,778
Glinda,779
Sorceress,779
Glinda,780
Woot,782
Green Monkey,784
Brown Bear,785
Tin Owl,787
Canary,788
Owl,788
Green Monkey,788
Brown Bear,789
Bear,791
Jaguar,792
Bear,792
Canary,793
Monkey,793
Brown Bear,794
Polychrome,798
Monkey,801
Woot,802
Monkey,802
Jaguar,803
Woot,804
Jaguar,804
Apron,805
Woot,805
Jaguar,806
Woot,807
Monkey,807
Tin Owl,809
Brown Bear,809
Canary,813
Canary,816
Canary,818
Yoop,818
Giantess,818
Polychrome,826
Canary,826
Canary,828
Polychrome,832
Canary,834
Canary,836
Poly,838
Bear Scarecrow,838
Canary,840
Bear,841
Owl,841
Jaguar,841
Bear,842
Jaguar,842
Poly,848
Tin Woodman,848
Canary,848
Woot,848
Polychrome,849
Scarecrow Bear,850
Green Monkey,853
Woot,856
Woot,863
Woot,865
Tut,870
Dragon,872
Dragon,874
Woot,878
Dragon,888
Mother,889
Dragon,889
Woot,893
Dragon,894
Green Monkey,895
Dragon,897
Woot,898
Dragon,905
Woot,905
Dragon,906
Woot,907
Dragon,908
Green Monkey,908
Woot,909
Dragon,911
Woot,911
Woot,912
Woot,914
Woot,916
Woot,918
Woot,921
Green Monkey,923
Friend Monkey,928
Woot,930
Brown Bear,930
Canary,930
Green Monkey,930
Tommy Kwikstep,931
Green Monkey,931
Glinda,932
Tin Owl,933
Canary,935
Glinda,936
Woot,939
Scarecrow,940
Yoop,945
Scarecrow Bear,948
Jinjur,950
Jinjur,951
Woot,951
Green Monkey,951
Jinjur,952
Scarecrow,952
Woot,953
Jinjur,954
Jinjur,955
Scarecrow Bear,955
General Jinjur,957
Ozma,959
Jinjur,959
Jinjur,960
Giantess,962
Jinjur,962
Woot,963
Jinjur,964
Scarecrow Bear,964
Jinjur,966
Jinjur,967
Woot,969
Oz,969
Munchkin,973
Polychrome,977
Canary,977
Tommy Kwikstep,978
Scarecrow Bear,980
Tommy Kwikstep,980
Tommy,982
Tommy Kwikstep,984
Woot the Monkey,994
Tommy Kwikstep,996
Tin Owl,997
Scarecrow,1001
Tommy Kwikstep,1004
Tin Owl,1005
Tommy Kwikstep,1006
Woot,1010
Polychrome,1012
Canary,1012
Green Monkey,1012
Tommy Kwikstep,1012
Rainbow,1014
Tommy Kwikstep,1014
Canary,1016
Scarecrow Bear,1016
Tommy Kwikstep,1018
Polychrome,1019
Canary,1019
Canary,1021
Tommy Kwikstep,1023
Woot the Monkey,1024
Polychrome,1028
Tommy Kwikstep,1028
Jinjur,1029
Scarecrow Bear,1029
Jinjur,1029
Brown Bear,1035
Jinjur,1036
Green Monkey,1038
Jinjur,1039
Scarecrow Bear,1040
Woot,1041
Canary,1043
Tin Owl,1043
Scarecrow,1043
Jinjur,1044
Canary,1044
Glinda,1045
Owl,1047
Nimmie Amee,1047
Woot,1047
Wanderer,1047
Giantess,1049
Yoop,1049
Green Monkey,1051
Polychrome,1052
Yoop,1052
Glinda,1054
Ozma,1054
Tin Owl,1057
Friend Chopper,1058
Woot,1058
Polychrome,1059
Green Monkey,1060
Bear,1062
Patchwork Girl,1063
Tin Owl,1064
Nimmie Amee,1065
Jinjur,1067
Green Monkey,1068
Owl,1069
Brown Bear,1069
Jinjur,1070
Canary,1070
Brown Bear,1072
Tin Owl,1072
Green Monkey,1073
Woot,1076
Jinjur,1077
Brown Bear,1077
Scarecrow,1079
Yoop,1083
Yoop,1084
Jinjur,1084
Yoop,1087
Jinjur,1089
Brown Bear,1090
Tin Woodman,1091
Nick Chopper,1091
Green Monkey,1091
Woot the Wanderer,1091
Canary,1092
Jinjur,1092
Polychrome,1092
Jinjur,1093
Giantess,1093
Sorceress,1093
Polychrome,1094
Glinda,1095
Jinjur,1096
Bear,1101
Owl,1101
Monkey,1101
Jinjur,1102
Woot,1102
Green Monkey,1103
Woot,1106
Woot,1110
Jinjur,1111
Woot,1112
Jinjur,1113
Woot,1114
Jinjur,1114
Bear,1115
Owl,1115
Woot,1115
Canary,1116
Jinjur,1116
Woot,1118
Jinjur,1119
Woot,1121
Woot,1122
Jinjur,1124
Ozma,1128
Dorothy,1128
Dorothy,1129
Ozma,1130
Dorothy,1130
Toto,1131
Dorothy,1131
Ozma,1132
Oz,1132
Dorothy,1133
Ozma,1133
Oz,1135
Lurline,1137
Oz,1137
Lurline,1138
Oz,1139
Dorothy,1146
Ozma,1146
Ozma,1147
Ozma,1148
Oz,1149
Ozma,1149
Glinda the Good,1149
Ozma,1150
Ozma,1152
Dorothy,1152
Oz,1153
Dorothy,1153
Ozma,1154
Ozma,1155
Dorothy,1156
Dorothy,1158
Button Bright,1158
Button Bright,1159
Ojo,1159
Munchkin,1159
Dorothy,1159
Aunt Them,1159
Uncle Henry,1160
Dorothy,1160
Tin Woodman,1160
Tin Woodman,1161
Woot the Wanderer,1161
Dorothy,1162
Woot,1163
Ozma,1164
Ozma,1164
Dorothy,1165
Dorothy,1165
Ozma,1166
Scarecrow,1166
Tin Woodman,1166
Yoop,1166
Giantess,1166
Dorothy,1167
Ozma,1167
Giantess,1168
Dorothy,1168
Ozma,1169
Brown Bear,1170
Yoop,1170
Canary,1171
Giantess,1171
Dorothy,1172
Ozma,1172
Ozma,1175
Yoop,1176
Dorothy,1179
Ozma,1181
Oz,1181
Dorothy,1182
Ozma,1182
Ozma,1183
Sawhorse,1184
Ozma,1185
Sawhorse,1185
Sawhorse,1187
Ozma,1187
Dorothy,1189
Toto,1189
Dorothy,1189
Dorothy,1190
Ozma,1190
Toto,1190
Dorothy,1191
Sawhorse,1191
Jinjur,1193
Green Monkey,1193
Tin Owl,1195
Jinjur,1195
Brown Bear,1195
Ozma,1195
Canary,1196
Dorothy,1196
Dorothy,1197
Polychrome,1200
Canary,1200
Dorothy,1201
Polychrome,1203
Ozma,1204
Dorothy,1204
Scarecrow,1205
Scarecrow Bear,1207
Owl,1209
Dorothy,1210
Dorothy,1211
Ozma,1212
Green Monkey,1213
Jinjur,1213
Ozma,1213
Woot,1213
Ruler of Oz,1213
Ozma,1214
Yoop,1214
Tin Woodman,1216
Nimmie Amee,1216
Woot,1217
Tin Owl,1217
Giantess,1217
Polychrome,1218
Dorothy,1218
Toto,1218
Ozma,1218
Yoop,1221
Scarecrow,1222
Giantess,1224
Brown Bear,1226
Tin Woodman,1227
Ozma,1227
Giantess,1228
Wand,1230
Wand,1230
Bear,1230
Scarecrow,1232
Ozma,1232
Oz,1232
Tin Woodman,1232
Tin Owl,1232
Canary,1233
Ozma,1233
Ozma,1234
Polychrome,1235
Polychrome,1236
Rainbow,1236
Bird,1236
Canary,1238
Dove,1238
Dove,1238
Fawn,1238
Fawn,1239
Polychrome,1240
Woot,1241
Sky Fairy,1241
Ozma,1241
Dorothy,1242
Ruler of Oz,1242
Jinjur,1243
Ozma,1243
Woot,1246
Ozma,1247
Ozma,1247
Giantess,1250
Woot,1251
Dorothy,1254
Ozma,1254
Glinda,1254
Glinda,1256
Woot,1257
Green Monkey,1259
Scarecrow,1260
Ozma,1261
Green Monkey,1262
Yoop,1262
Toto,1264
Woot,1265
Toto,1266
Woot,1268
Toto,1270
Scarecrow,1271
Toto,1273
Jinjur,1276
Toto,1278
Jinjur,1280
Toto,1281
Dorothy,1282
Jinjur,1283
Woot,1283
Dorothy,1284
Woot,1285
Dorothy,1286
Ozma,1287
Oz,1287
Woot the Wanderer,1287
Ozma,1288
Woot,1288
Dorothy,1290
Woot,1292
Dorothy,1296
Ozma,1296
Scarecrow,1297
Tin Woodman,1297
Polychrome,1299
Ozma,1299
Woot,1299
Rainbow,1300
Ozma,1301
Yoop,1301
Giantess,1301
Woot the Wanderer,1302
Yoop,1306
Yoop,1307
Green Monkey,1307
Woot,1307
Ozma,1308
Polychrome,1309
Yoop,1311
Giantess,1311
Tin Woodman,1320
Woot,1322
Woot,1326
Scarecrow,1328
Yoop,1330
Yoop,1332
Woot,1335
Nick Chopper,1335
Woot,1336
Scarecrow,1340
Giantess,1349
Giantess,1354
Woot,1356
Giantess,1357
Madam,1358
Scarecrow,1358
Yoop,1360
Giantess,1361
Woot,1361
Yoop,1362
Yoop,1363
Woot,1364
Yoop,1366
Yoop,1367
Yoop,1368
Woot,1372
Scarecrow,1373
Nick Chopper,1373
Yoop,1374
Witch,1376
Woot,1376
Witch,1377
Witch,1378
Giantess,1380
Scarecrow,1381
Yoop,1381
Polychrome,1384
Tin Woodman,1385
Polychrome,1386
Giantess,1387
Polychrome,1388
Rainbow,1389
Poly,1389
Woot,1393
Polychrome,1393
Giantess,1394
Giantess,1395
Polychrome,1396
Rainbow,1396
Yookoohoo,1396
Scarecrow,1397
Yoop,1397
Tin Woodman,1399
Scarecrow,1404
Yoop,1404
Tin Woodman,1404
Yoop,1404
Scarecrow,1405
Giantess,1410
Scarecrow,1412
Tin Woodman,1412
Woot,1418
Woot,1422
Scarecrow,1427
Mercy,1428
Scarecrow,1436
Tin Woodman,1437
Woot,1438
Wanderer,1438
Giantess,1439
Yookoohoo Woot,1441
Scarecrow,1441
Tin Woodman,1441
Yoop,1441
Giantess,1442
Yoop,1446
Tin Man,1447
Scarecrow,1447
Giantess,1448
Tin Woodman,1449
Nimmie Amee,1449
Scarecrow,1450
Ozma,1450
Oz,1450
Dorothy,1450
Jack Pumpkinhead,1450
Pipt,1450
Tik,1450
Woot,1451
Giantess,1452
Loons,1452
Yoop,1453
Ozma,1454
Scarecrow,1454
Glinda the Good,1454
Wizard,1454
Ozma,1454
Ozma,1455
Giantess,1455
Ozma,1457
Tin Woodman,1457
Ozma,1458
Ozma,1459
Giantess,1459
Yoop,1463
Giantess,1464
Tin Woodman,1466
Scarecrow,1466
Woot,1466
Wanderer,1466
Scarecrow,1470
Emperor,1470
Woot,1471
Giantess,1472
Giantess,1476
Woot,1478
Giantess,1480
Woot,1480
Woot,1482
Yoop,1483
Woot,1494
Yoop,1499
Scarecrow,1501
Tin Man,1503
Tin Woodman,1503
Owl,1503
Nick Chopper,1504
Emperor of the Winkies,1504
Owl,1504
Giantess,1508
Tin Owl,1508
Scarecrow,1513
Yoop,1513
Tin Woodman,1513
Woot,1514
Scarecrow,1523
Scarecrow,1525
Scarecrow,1526
Brown Bear,1527
Brown Bear,1527
Scarecrow,1527
Woot,1528
Brown Bear,1529
Scarecrow,1530
Bear,1530
Owl,1535
Woot,1535
Giantess,1537
Woot,1539
Green Monkey,1543
Woot,1544
Giantess,1550
Monkey,1552
Woot,1554
Yoop,1556
Giantess,1558
Tin Owl,1560
Owl,1560
Giantess,1563
Bear,1564
Scarecrow,1564
Giantess,1565
Yoop,1569
Giantess,1570
Woot the Wanderer,1570
Nick Chopper,1570
Brown Bear,1570
Scarecrow,1571
Polychrome,1572
Scarecrow,1573
Yoop,1574
Scarecrow,1575
Poly,1576
Tin Woodman,1576
Tin Owl,1577
Scarecrow,1580
Polychrome,1582
Green Monkey,1585
Daughter of the Rainbow,1585
Giantess,1589
Giantess,1593
Yoop,1594
Green Monkey,1595
Canary,1596
Yoop,1596
Woot,1598
Monkey,1598
Canary,1599
Tin Owl,1600
Giantess,1601
Polychrome,1602
Canary,1602
Yoop,1604
Brown Bear,1607
Yoop,1608
Polychrome,1609
Canary,1609
Bird,1609
Owl,1610
Bear,1610
Monkey,1610
Woot the Monkey,1612
Giantess,1616
Polychrome,1618
Yoop,1619
Yoop,1620
Green Monkey,1623
Giantess,1624
Monkey,1624
Brown Bear,1625
Owl,1626
Canary,1626
Giantess,1626
Bear,1626
Monkey,1626
Yoop,1627
Monkey,1628
Bear,1628
Owl,1628
Canary,1628
Green Monkey,1629
Giantess,1630
Yoop,1632
Woot,1632
Monkey,1632
Giantess,1632
Woot,1634
Canary,1634
Rainbow,1635
Woot,1635
Yoop,1641
Green Monkey,1642
Giantess,1642
Woot,1643
Monkey,1643
Tin Owl,1644
Woot,1644
Magic Apron,1645
Giantess,1645
Polychrome,1646
Yoop,1646
Giantess,1648
Green Monkey,1649
Tin Owl,1650
Brown Bear,1651
Green Monkey,1652
Polychrome,1653
Yoop,1653
Yoop,1655
Woot,1655
Tin Woodman,1655
Polychrome,1656
Yoop,1657
Green Monkey,1658
Canary,1659
Brown Bear,1662
Tin Owl,1663
Green Monkey,1664
Monkey,1667
Canary,1668
Tin Owl,1668
Brown,1668
Woot,1669
Scarecrow Bear,1670
Canary,1671
Green Monkey,1675
Canary,1675
Canary,1677
Brown Bear,1680
Owl,1680
Canary,1681
Green Monkey,1681
Polychrome,1682
Tin Owl,1683
Nimmie Amee,1684
Munchkin,1684
Tin Woodman,1684
Tin Owl,1684
Brown Bear,1685
Scarecrow,1686
Woot,1687
Giantess,1688
Brown Bear,1689
Woot,1689
Canary,1691
Polychrome,1692
Ozma,1692
Tin Owl,1692
Giantess,1692
Canary,1693
Green Monkey,1693
Yoop,1694
Glinda,1694
Good Sorceress,1694
Glinda,1695
Sorceress,1695
Glinda,1696
Woot,1698
Green Monkey,1700
Brown Bear,1701
Tin Owl,1703
Canary,1704
Owl,1704
Green Monkey,1704
Brown Bear,1705
Bear,1707
Jaguar,1708
Bear,1708
Canary,1709
Monkey,1709
Brown Bear,1710
Polychrome,1714
Monkey,1717
Woot,1718
Monkey,1718
Jaguar,1719
Woot,1720
Jaguar,1720
Apron,1721
Woot,1721
Jaguar,1722
Woot,1723
Monkey,1723
Tin Owl,1725
Brown Bear,1725
Canary,1729
Canary,1732
Canary,1734
Yoop,1734
Giantess,1734
Polychrome,1742
Canary,1742
Canary,1744
Polychrome,1748
Canary,1750
Canary,1752
Poly,1754
Bear Scarecrow,1754
Canary,1756
Bear,1757
Owl,1757
Jaguar,1757
Bear,1758
Jaguar,1758
Poly,1764
Tin Woodman,1764
Canary,1764
Woot,1764
Polychrome,1765
Scarecrow Bear,1766
Green Monkey,1769
Woot,1772
Woot,1779
Woot,1781
Tut,1786
Dragon,1788
Dragon,1790
Woot,1794
Dragon,1804
Mother,1805
Dragon,1805
Woot,1809
Dragon,1810
Green Monkey,1811
Dragon,1813
Woot,1814
Dragon,1821
Woot,1821
Dragon,1822
Woot,1823
Dragon,1824
Green Monkey,1824
Woot,1825
Dragon,1827
Woot,1827
Woot,1828
Woot,1830
Woot,1832
Woot,1834
Woot,1837
Green Monkey,1839
Friend Monkey,1844
Woot,1846
Brown Bear,1846
Canary,1846
Green Monkey,1846
Tommy Kwikstep,1847
Green Monkey,1847
Glinda,1848
Tin Owl,1849
Canary,1851
Glinda,1852
Woot,1855
Scarecrow,1856
Yoop,1861
Scarecrow Bear,1864
Jinjur,1866
Jinjur,1867
Woot,1867
Green Monkey,1867
Jinjur,1868
Scarecrow,1868
Woot,1869
Jinjur,1870
Jinjur,1871
Scarecrow Bear,1871
General Jinjur,1873
Ozma,1875
Jinjur,1875
Jinjur,1876
Giantess,1878
Jinjur,1878
Woot,1879
Jinjur,1880
Scarecrow Bear,1880
Jinjur,1882
Jinjur,1883
Woot,1885
Oz,1885
Munchkin,1889
Polychrome,1893
Canary,1893
Tommy Kwikstep,1894
Scarecrow Bear,1896
Tommy Kwikstep,1896
Tommy,1898
Tommy Kwikstep,1900
Woot the Monkey,1910
Tommy Kwikstep,1912
Tin Owl,1913
Scarecrow,1917
Tommy Kwikstep,1920
Tin Owl,1921
Tommy Kwikstep,1922
Woot,1926
Polychrome,1928
Canary,1928
Green Monkey,1928
Tommy Kwikstep,1928
Rainbow,1930
Tommy Kwikstep,1930
Canary,1932
Scarecrow Bear,1932
Tommy Kwikstep,1934
Polychrome,1935
Canary,1935
Canary,1937
Tommy Kwikstep,1939
Woot the Monkey,1940
Polychrome,1944
Tommy Kwikstep,1944
Jinjur,1945
Scarecrow Bear,1945
Jinjur,1945
Brown Bear,1951
Jinjur,1952
Green Monkey,1954
Jinjur,1955
Scarecrow Bear,1956
Woot,1957
Canary,1959
Tin Owl,1959
Scarecrow,1959
Jinjur,1960
Canary,1960
Glinda,1961
Owl,1963
Nimmie Amee,1963
Woot,1963
Wanderer,1963
Giantess,1965
Yoop,1965
Green Monkey,1967
Polychrome,1968
Yoop,1968
Glinda,1970
Ozma,1970
Tin Owl,1973
Friend Chopper,1974
Woot,1974
Polychrome,1975
Green Monkey,1976
Bear,1978
Patchwork Girl,1979
Tin Owl,1980
Nimmie Amee,1981
Jinjur,1983
Green Monkey,1984
Owl,1985
Brown Bear,1985
Jinjur,1986
Canary,1986
Brown Bear,1988
Tin Owl,1988
Green Monkey,1989
Woot,1992
Jinjur,1993
Brown Bear,1993
Scarecrow,1995
Yoop,1999
Yoop,2000
Jinjur,2000
Yoop,2003
Jinjur,2005
Brown Bear,2006
Tin Woodman,2007
Nick Chopper,2007
Green Monkey,2007
Woot the Wanderer,2007
Canary,2008
Jinjur,2008
Polychrome,2008
Jinjur,2009
Giantess,2009
Sorceress,2009
Polychrome,2010
Glinda,2011
Jinjur,2012
Bear,2017
Owl,2017
Monkey,2017
Jinjur,2018
Woot,2018
Green Monkey,2019
Woot,2022
Woot,2026
Jinjur,2027
Woot,2028
Jinjur,2029
Woot,2030
Jinjur,2030
Bear,2031
Owl,2031
Woot,2031
Canary,2032
Jinjur,2032
Woot,2034
Jinjur,2035
Woot,2037
Woot,2038
Jinjur,2040
Ozma,2044
Dorothy,2044
Dorothy,2045
Ozma,2046
Dorothy,2046
Toto,2047
Dorothy,2047
Ozma,2048
Oz,2048
Dorothy,2049
Ozma,2049
Oz,2051
Lurline,2053
Oz,2053
Lurline,2054
Oz,2055
Dorothy,2062
Ozma,2062
Ozma,2063
Ozma,2064
Oz,2065
Ozma,2065
Glinda the Good,2065
Ozma,2066
Ozma,2068
Dorothy,2068
Oz,2069
Dorothy,2069
Ozma,2070
Ozma,2071
Dorothy,2072
Dorothy,2074
Button Bright,2074
Button Bright,2075
Ojo,2075
Munchkin,2075
Dorothy,2075
Aunt Them,2075
Uncle Henry,2076
Dorothy,2076
Tin Woodman,2076
Tin Woodman,2077
Woot the Wanderer,2077
Dorothy,2078
Woot,2079
Ozma,2080
Ozma,2080
Dorothy,2081
Dorothy,2081
Ozma,2082
Scarecrow,2082
Tin Woodman,2082
Yoop,2082
Giantess,2082
Dorothy,2083
Ozma,2083
Giantess,2084
Dorothy,2084
Ozma,2085
Brown Bear,2086
Yoop,2086
Canary,2087
Giantess,2087
Dorothy,2088
Ozma,2088
Ozma,2091
Yoop,2092
Dorothy,2095
Ozma,2097
Oz,2097
Dorothy,2098
Ozma,2098
Ozma,2099
Sawhorse,2100
Ozma,2101
Sawhorse,2101
Sawhorse,2103
Ozma,2103
Dorothy,2105
Toto,2105
Dorothy,2105
Dorothy,2106
Ozma,2106
Toto,2106
Dorothy,2107
Sawhorse,2107
Jinjur,2109
Green Monkey,2109
Tin Owl,2111
Jinjur,2111
Brown Bear,2111
Ozma,2111
Canary,2112
Dorothy,2112
Dorothy,2113
Polychrome,2116
Canary,2116
Dorothy,2117
Polychrome,2119
Ozma,2120
Dorothy,2120
Scarecrow,2121
Scarecrow Bear,2123
Owl,2125
Dorothy,2126
Dorothy,2127
Ozma,2128
Green Monkey,2129
Jinjur,2129
Ozma,2129
Woot,2129
Ruler of Oz,2129
Ozma,2130
Yoop,2130
Tin Woodman,2132
Nimmie Amee,2132
Woot,2133
Tin Owl,2133
Giantess,2133
Polychrome,2134
Dorothy,2134
Toto,2134
Ozma,2134
Yoop,2137
Scarecrow,2138
Giantess,2140
Brown Bear,2142
Tin Woodman,2143
Ozma,2143
Giantess,2144
Wand,2146
Wand,2146
Bear,2146
Scarecrow,2148
Ozma,2148
Oz,2148
Tin Woodman,2148
Tin Owl,2148
Canary,2149
Ozma,2149
Ozma,2150
Polychrome,2151
Polychrome,2152
Rainbow,2152
Bird,2152
Canary,2154
Dove,2154
Dove,2154
Fawn,2154
Fawn,2155
Polychrome,2156
Woot,2157
Sky Fairy,2157
Ozma,2157
Dorothy,2158
Ruler of Oz,2158
Jinjur,2159
Ozma,2159
Woot,2162
Ozma,2163
Ozma,2163
Giantess,2166
Woot,2167
Dorothy,2170
Ozma,2170
Glinda,2170
Glinda,2172
Woot,2173
Green Monkey,2175
Scarecrow,2176
Ozma,2177
Green Monkey,2178
Yoop,2178
Toto,2180
Woot,2181
Toto,2182
Woot,2184
Toto,2186
Scarecrow,2187
Toto,2189
Jinjur,2192
Toto,2194
Jinjur,2196
Toto,2197
Dorothy,2198
Jinjur,2199
Woot,2199
Dorothy,2200
Woot,2201
Dorothy,2202
Ozma,2203
Oz,2203
Woot the Wanderer,2203
Ozma,2204
Woot,2204
Dorothy,2206
Woot,2208
Dorothy,2212
Ozma,2212
Scarecrow,2213
Tin Woodman,2213
Polychrome,2215
Ozma,2215
Woot,2215
Rainbow,2216
Ozma,2217
Yoop,2217
Giantess,2217
Woot the Wanderer,2218
Yoop,2222
Yoop,2223
Green Monkey,2223
Woot,2223
Ozma,2224
Polychrome,2225
Jinjur,2228
Ozma,2228
Ozma,2229
Polychrome,2230
Rainbow,2230
Ozma,2232
Ozma,2233
Jinjur,2233
Dorothy,2235
Toto,2235
Ozma,2235
Yoop,2236
Giantess,2237
Woot,2239
Woot,2241
Giantess,2241
Ozma,2242
Wand,2242
Woot the Wanderer,2243
Yoop,2243
Ozma,2245
Wand,2245
Green Monkey,2245
Yoop,2246
Woot,2247
Woot,2248
Wanderer,2248
Ozma,2248
Jinjur,2249
Ozma,2250
Oz,2250
Giantess,2250
Dorothy,2251
Green Monkey,2252
Ozma,2252
Dorothy,2254
Tin Woodman,2255
Green Monkey,2255
Yoop,2255
Scarecrow,2256
Green Monkey,2257
Dorothy,2258
Woot,2259
Yoop,2261
Man of Tin Ozma,2263
Dorothy,2263
Woot the Wanderer,2263
Oz,2264
Ozma,2265
Ojo the Munchkin,2265
Button,2265
Bright,2265
Woot,2266
Tin Woodman,2266
Nimmie Amee,2267
Tin Woodman,2268
Nimmie Amee,2268
Nimmie Amee,2269
Scarecrow,2270
Scarecrow,2271
Nimmie Amee,2273
Dorothy,2273
Tin Woodman,2274
Nimmie Amee,2276
Dorothy,2276
Woot,2278
Wanderer,2278
Ozma,2279
Ozma,2280
Nimmie Amee,2281
Empress,2283
the Winkies,2283
Nimmie Amee,2283
Tin Woodman,2284
Scarecrow,2284
Woot,2284
Wanderer,2284
Polychrome,2285
Ozma,2286
Rainbow,2286
Tin Woodman,2287
Nimmie Amee,2287
Dorothy,2288
Tin Woodman,2288
Tin Woodman,2290
Nimmie Amee,2290
Dorothy,2291
Ozma,2291
Winkies,2291
Ozma,2292
Jinjur,2293
Woot,2293
Ozma,2293
Wooden Sawhorse,2293
Ozma,2295
Dorothy,2295
Toto,2295
Tin Woodman,2295
Scarecrow,2295
Woot the Wanderer,2295
Polychrome,2295
Tin Man,2296
Scarecrow,2296
Nick Chopper,2297
Witch,2297
Nimmie Amee,2298
Ku,2298
Klip,2298
Woot,2299
Tin Woodman,2300
Woot,2301
Scarecrow,2302
Munchkin,2302
Scarecrow,2303
Tin Woodman,2304
Scarecrow,2305
Polychrome,2306
Woot,2306
Polychrome,2308
Scarecrow,2309
Dorothy,2310
Tin Woodman,2311
Tin Woodman,2313
Dorothy,2316
Woot,2320
Nimmie Amee,2322
Wicked Witch,2323
Witch,2325
Dorothy,2325
Nimmie Amee,2325
Witch,2326
Scarecrow,2327
Nimmie Amee,2327
Tin Woodman,2329
Tin Man,2330
Emperor,2331
Scarecrow,2332
Woot,2333
Wanderer,2333
Polychrome,2334
Tin Woodman,2335
Winkies,2339
Tin Woodman,2340
Woot,2342
Scarecrow,2343
Polychrome,2344
Tin Woodman,2346
Polychrome,2348
Nick Chopper,2349
Tin Woodman,2350
Polychrome,2350
Tin Soldier,2350
Woot,2354
Tin Soldier,2355
Soldier,2356
Fyter,2358
Woot,2359
Rust,2360
Tin Woodman,2362
Wicked Witch,2363
Witch,2364
Ku,2365
Klip,2365
Ku,2366
Klip,2366
Ku,2368
Klip,2368
Tin Woodman,2369
Klip,2369
Nimmie Amee,2371
Tin Woodman,2373
Nimmie Amee,2373
Soldier,2374
Nick Chopper,2375
Tin Woodman,2376
Nimmie Amee,2380
Wicked Witch,2381
Nimmie Amee,2383
Nick Chopper,2383
Nimmie Amee,2385
Witch,2385
Nimmie Amee,2386
Scarecrow,2394
Ku,2395
Klip,2395
Soldier,2396
Klip,2397
Nimmie Amee,2398
Winkies,2401
Dorothy,2401
Scarecrow,2401
Soldier,2402
Nimmie Amee,2402
Woodman,2403
Nimmie Amee,2404
Woot,2405
Scarecrow,2407
Polychrome,2408
Tin Woodman,2412
Fyter,2414
Witch,2416
Witch,2417
Scarecrow,2417
Nimmie Amee,2419
Scarecrow,2422
Wicked Witch,2422
Nimmie Amee,2422
Woot,2423
Polychrome,2425
Nimmie Amee,2426
Scarecrow,2426
Nimmie Amee,2429
Ku,2430
Klip,2430
Polychrome,2430
Klip,2431
Ku,2432
Klip,2432
Klip,2437
Nimmie Amee,2439
Scarecrow,2439
Tin Woodman,2440
hie,2441
Ku,2443
Klip,2443
Ku,2446
Klip,2446
Woot,2447
Tin Woodman,2448
Wicked Witch,2450
Woot,2450
Oz,2451
Scarecrow,2451
Dorothy,2452
Tin Woodman,2454
Woot,2457
Woot,2462
Ku,2462
Klip,2462
Scarecrow,2464
Tin Woodman,2464
Tin Woodman,2465
Tin Woodman,2465
Emperor,2466
Head,2466
Tin Woodman,2467
Head,2467
Tin Woodman,2468
Tin Woodman,2469
Head,2471
Tin Woodman,2473
Head,2475
Head,2477
Klip,2480
Head,2480
Head,2486
Nick Chopper,2486
Tin Woodman,2487
Nick Chopper,2488
Head,2488
Head,2492
Head,2496
Ku,2497
Klip,2497
Tin Woodman,2498
Munchkin,2499
Nimmie Amee,2499
Head,2499
Tin Woodman,2510
Tin Woodman,2513
Head,2514
Tin Woodman,2514
Tin Soldier,2515
Woot,2517
Wanderer,2517
Polychrome,2518
Scarecrow,2520
Tin Woodman,2521
Tin Woodman,2524
Head,2527
Head,2530
Head,2532
Tin Woodman,2534
Tin Soldier,2535
Chopper,2535
Tin Woodman,2536
Ku,2538
Klip,2538
Tinsmith,2538
Ku,2539
Klip,2539
Woot,2540
Ku,2541
Klip,2541
Ku,2550
Klip,2550
Nick Chopper,2550
Tin Woodman,2550
Ozma of Oz,2550
Scarecrow,2553
Polychrome,2554
Rainbow,2556
Ku,2557
Klip,2557
Woot,2557
Woot,2558
Nimmie Amee,2559
Tin Woodman,2559
Tin Soldier,2559
Ku,2560
Klip,2560
Nimmie Amee,2560
Tin Soldier,2561
Witch,2562
Nimmie Amee,2562
Dorothy,2563
Wicked Witch,2563
Nimmie Amee,2564
Witch,2564
Dorothy,2564
Scarecrow,2565
Ku,2566
Klip,2566
Nimmie Amee,2566
Mount Munch,2568
Tin Woodman,2568
Nimmie Amee,2569
Witch,2570
Woot,2572
Witch,2574
Magic Glue,2577
Nick Chopper,2577
Fyter,2577
Witch,2577
Tin Woodman,2580
Ku,2582
Klip,2582
Tin Woodman,2582
Ku,2583
Klip,2583
Chopfyt,2585
Chopfyt,2587
Woot,2587
Chopfyt,2588
Ku,2588
Klip,2588
Chopfyt,2591
Witch,2592
Nimmie Amee,2592
Witch,2592
Nick Chopper,2594
Captain Fyter,2594
Witch,2596
Fyter,2598
Nick Chopper,2598
Tin Woodman,2599
Nick Chopper,2602
Fyter,2602
Ku,2609
Klip,2609
Chopfyt,2611
Nick Chopper,2611
Fyter,2611
Chopfyt,2612
Chopfyt,2616
Chopfyt,2619
Chopfyt,2621
Scarecrow,2622
Tin Woodman,2625
Chopfyt,2626
Ku,2627
Klip,2627
Chopfyt,2630
Scarecrow,2630
Klip,2632
Woot,2633
Polychrome,2634
Polychrome,2638
Tommy Kwikstep,2639
Green Monkey,2639
Glinda,2640
Tin Owl,2641
Canary,2643
Glinda,2644
Woot,2647
Scarecrow,2648
Yoop,2653
Scarecrow Bear,2656
Jinjur,2658
Jinjur,2659
Woot,2659
Green Monkey,2659
Jinjur,2660
Scarecrow,2660
Woot,2661
Jinjur,2662
Jinjur,2663
Scarecrow Bear,2663
General Jinjur,2665
Ozma,2667
Jinjur,2667
Jinjur,2668
Giantess,2670
Jinjur,2670
Woot,2671
Jinjur,2672
Scarecrow Bear,2672
Jinjur,2674
Jinjur,2675
Woot,2677
Oz,2677
Munchkin,2681
Polychrome,2685
Canary,2685
Tommy Kwikstep,2686
Scarecrow Bear,2688
Tommy Kwikstep,2688
Tommy,2690
Tommy Kwikstep,2692
Woot the Monkey,2702
Tommy Kwikstep,2704
Tin Owl,2705
Scarecrow,2709
Tommy Kwikstep,2712
Tin Owl,2713
Tommy Kwikstep,2714
Woot,2718
Polychrome,2720
Canary,2720
Green Monkey,2720
Tommy Kwikstep,2720
Rainbow,2722
Tommy Kwikstep,2722
Canary,2724
Scarecrow Bear,2724
Tommy Kwikstep,2726
Polychrome,2727
Canary,2727
Canary,2729
Tommy Kwikstep,2731
Woot the Monkey,2732
Polychrome,2736
Tommy Kwikstep,2736
Jinjur,2737
Ranch,2737
Scarecrow Bear,2737
Jinjur,2737
Brown Bear,2743
Jinjur,2744
Green Monkey,2746
Jinjur,2747
Scarecrow Bear,2748
Woot,2749
Canary,2751
Tin Owl,2751
Scarecrow,2751
Jinjur,2752
Canary,2752
Glinda,2753
Owl,2755
Nimmie Amee,2755
Woot,2755
Wanderer,2755
Giantess,2757
Yoop,2757
Green Monkey,2759
Polychrome,2760
Yoop,2760
Glinda,2762
Ozma,2762
Tin Owl,2765
Friend Chopper,2766
Woot,2766
Polychrome,2767
Green Monkey,2768
Bear,2770
Patchwork Girl,2771
Tin Owl,2772
Nimmie Amee,2773
Jinjur,2775
Green Monkey,2776
Owl,2777
Brown Bear,2777
Jinjur,2778
Canary,2778
Brown Bear,2780
Tin Owl,2780
Green Monkey,2781
Woot,2784
Jinjur,2785
Brown Bear,2785
Scarecrow,2787
Yoop,2791
Yoop,2792
Jinjur,2792
Yoop,2795
Jinjur,2797
Brown Bear,2798
Tin Woodman,2799
Nick Chopper,2799
Green Monkey,2799
Woot the Wanderer,2799
Canary,2800
Jinjur,2800
Polychrome,2800
Jinjur,2801
Giantess,2801
Sorceress,2801
Polychrome,2802
Glinda,2803
Jinjur,2804
Bear,2809
Owl,2809
Monkey,2809
Jinjur,2810
Woot,2810
Green Monkey,2811
Woot,2814
Woot,2818
Jinjur,2819
Woot,2820
Jinjur,2821
Woot,2822
Jinjur,2822
Bear,2823
Owl,2823
Woot,2823
Canary,2824
Jinjur,2824
Woot,2826
Jinjur,2827
Woot,2829
Woot,2830
Jinjur,2832
Ozma,2836
Dorothy,2836
Dorothy,2836
Ozma,2837
Dorothy,2837
Toto,2838
Dorothy,2838
Ozma,2839
Oz,2839
Dorothy,2840
Ozma,2840
Oz,2842
Lurline,2844
Oz,2844
Lurline,2845
Oz,2846
Dorothy,2853
Ozma,2853
Ozma,2854
Ozma,2855
Oz,2856
Ozma,2856
Glinda the Good,2856
Ozma,2857
Ozma,2859
Dorothy,2859
Oz,2860
Dorothy,2860
Ozma,2861
Ozma,2862
Dorothy,2863
Dorothy,2865
Button Bright,2865
Button Bright,2866
Ojo,2866
Munchkin,2866
Dorothy,2866
Aunt Them,2866
Uncle Henry,2867
Dorothy,2867
Tin Woodman,2867
Tin Woodman,2868
Woot the Wanderer,2868
Dorothy,2869
Woot,2870
Ozma,2871
Ozma,2871
Dorothy,2872
Dorothy,2872
Ozma,2873
Scarecrow,2873
Tin Woodman,2873
Yoop,2873
Giantess,2873
Dorothy,2874
Ozma,2874
Giantess,2875
Dorothy,2875
Ozma,2876
Brown Bear,2877
Yoop,2877
Canary,2878
Giantess,2878
Dorothy,2879
Ozma,2879
Ozma,2882
Yoop,2883
Dorothy,2886
Ozma,2888
Oz,2888
Dorothy,2889
Ozma,2889
Ozma,2890
Sawhorse,2891
Ozma,2892
Sawhorse,2892
Sawhorse,2894
Ozma,2894
Dorothy,2896
Toto,2896
Dorothy,2896
Dorothy,2897
Ozma,2897
Toto,2897
Dorothy,2898
Sawhorse,2898
Jinjur,2900
Green Monkey,2900
Tin Owl,2901
Jinjur,2901
Brown Bear,2901
Ozma,2901
Canary,2902
Dorothy,2902
Dorothy,2903
Polychrome,2906
Canary,2906
Dorothy,2907
Polychrome,2909
Ozma,2910
Dorothy,2910
Scarecrow,2911
Scarecrow Bear,2913
Owl,2915
Dorothy,2916
Dorothy,2917
Ozma,2918
Green Monkey,2919
Jinjur,2919
Ozma,2919
Woot,2919
Ruler of Oz,2919
Ozma,2920
Yoop,2920
Tin Woodman,2922
Nimmie Amee,2922
Woot,2923
Tin Owl,2923
Giantess,2923
Polychrome,2924
Dorothy,2924
Toto,2924
Ozma,2924
Yoop,2927
Scarecrow,2928
Giantess,2930
Brown Bear,2932
Tin Woodman,2933
Ozma,2933
Giantess,2934
Wand,2936
Wand,2936
Bear,2936
Scarecrow,2938
Ozma,2938
Oz,2938
Tin Woodman,2938
Tin Owl,2938
Canary,2939
Ozma,2939
Ozma,2940
Polychrome,2941
Polychrome,2942
Rainbow,2942
Bird,2942
Canary,2944
Dove,2944
Dove,2944
Fawn,2944
Fawn,2945
Polychrome,2946
Woot,2947
Sky Fairy,2947
Ozma,2947
Dorothy,2948
Ruler of Oz,2948
Jinjur,2949
Ozma,2949
Woot,2952
Ozma,2953
Ozma,2953
Giantess,2956
Woot,2957
Dorothy,2960
Ozma,2960
Glinda,2960
Glinda,2962
Woot,2963
Green Monkey,2965
Scarecrow,2966
Ozma,2967
Green Monkey,2968
Yoop,2968
Toto,2970
Woot,2971
Toto,2972
Woot,2974
Toto,2976
Scarecrow,2977
Toto,2979
Jinjur,2982
Toto,2984
Jinjur,2986
Toto,2987
Dorothy,2988
Jinjur,2989
Woot,2989
Dorothy,2990
Woot,2991
Dorothy,2992
Ozma,2993
Oz,2993
Woot the Wanderer,2993
Ozma,2994
Woot,2994
Dorothy,2996
Woot,2998
Dorothy,3002
Ozma,3002
Scarecrow,3003
Tin Woodman,3003
Polychrome,3005
Ozma,3005
Woot,3005
Rainbow,3006
Ozma,3007
Yoop,3007
Giantess,3007
Woot the Wanderer,3008
Yoop,3012
Yoop,3013
Green Monkey,3013
Woot,3013
Ozma,3014
Polychrome,3015
Jinjur,3017
Ozma,3017
Ozma,3018
Polychrome,3019
Rainbow,3019
Ozma,3021
Ozma,3022
Jinjur,3022
Dorothy,3024
Toto,3024
Ozma,3024
Yoop,3025
Giantess,3026
Woot,3028
Woot,3030
Giantess,3030
Ozma,3031
Wand,3031
Woot the Wanderer,3032
Yoop,3032
Ozma,3034
Wand,3034
Green Monkey,3034
Yoop,3035
Woot,3036
Woot,3037
Wanderer,3037
Ozma,3037
Jinjur,3038
Ozma,3039
Oz,3039
Giantess,3039
Dorothy,3040
Green Monkey,3041
Ozma,3041
Dorothy,3043
Tin Woodman,3044
Green Monkey,3044
Yoop,3044
Scarecrow,3045
Green Monkey,3046
Dorothy,3047
Woot,3048
Yoop,3050
Man of Tin Ozma,3051
Dorothy,3051
Woot the Wanderer,3051
Oz,3052
Ozma,3053
Ojo the Munchkin,3053
Button,3053
Bright,3053
Woot,3054
Tin Woodman,3054
Nimmie Amee,3055
Tin Woodman,3056
Nimmie Amee,3056
Nimmie Amee,3057
Scarecrow,3058
Scarecrow,3059
Nimmie Amee,3061
Dorothy,3061
Tin Woodman,3062
Nimmie Amee,3064
Dorothy,3064
Woot,3066
Wanderer,3066
Ozma,3067
Ozma,3068
Nimmie Amee,3069
Empress,3071
the Winkies,3071
Nimmie Amee,3071
Tin Woodman,3072
Scarecrow,3072
Woot,3072
Wanderer,3072
Polychrome,3073
Ozma,3074
Rainbow,3074
Tin Woodman,3075
Nimmie Amee,3075
Dorothy,3076
Tin Woodman,3076
Tin Woodman,3078
Nimmie Amee,3078
Dorothy,3079
Ozma,3079
Winkies,3079
Ozma,3080
Jinjur,3081
Woot,3081
Ozma,3081
Wooden Sawhorse,3081
Ozma,3083
Dorothy,3083
Toto,3083
Tin Woodman,3083
Scarecrow,3083
Woot the Wanderer,3083
Polychrome,3083
Tin Man,3084
Scarecrow,3084
Nick Chopper,3085
Witch,3085
Nimmie Amee,3086
Ku,3086
Klip,3086
Woot,3087
Tin Woodman,3088
Woot,3089
Scarecrow,3090
Munchkin,3090
Scarecrow,3091
Tin Woodman,3092
Scarecrow,3093
Polychrome,3094
Woot,3094
Polychrome,3096
Scarecrow,3097
Dorothy,3098
Tin Woodman,3099
Tin Woodman,3101
Dorothy,3104
Woot,3108
Nimmie Amee,3110
Wicked Witch,3111
Witch,3113
Dorothy,3113
Nimmie Amee,3113
Witch,3114
Scarecrow,3115
Nimmie Amee,3115
Tin Woodman,3117
Tin Man,3118
Emperor,3119
Scarecrow,3120
Woot,3121
Wanderer,3121
Polychrome,3122
Tin Woodman,3123
Winkies,3127
Tin Woodman,3128
Woot,3130
Scarecrow,3131
Polychrome,3132
Tin Woodman,3134
Polychrome,3136
Nick Chopper,3137
Tin Woodman,3138
Polychrome,3138
Tin Soldier,3138
Woot,3142
Tin Soldier,3143
Soldier,3144
Fyter,3146
Woot,3147
Rust,3148
Tin Woodman,3150
Wicked Witch,3151
Witch,3152
Ku,3153
Klip,3153
Ku,3154
Klip,3154
Ku,3156
Klip,3156
Tin Woodman,3157
Klip,3157
Nimmie Amee,3159
Tin Woodman,3161
Nimmie Amee,3161
Soldier,3162
Nick Chopper,3163
Tin Woodman,3164
Nimmie Amee,3168
Wicked Witch,3169
Nimmie Amee,3171
Nick Chopper,3171
Nimmie Amee,3173
Witch,3173
Nimmie Amee,3174
Scarecrow,3182
Ku,3183
Klip,3183
Soldier,3184
Klip,3185
Nimmie Amee,3186
Winkies,3189
Dorothy,3189
Scarecrow,3189
Soldier,3190
Nimmie Amee,3190
Woodman,3191
Nimmie Amee,3192
Woot,3193
Scarecrow,3195
Polychrome,3196
Tin Woodman,3200
Fyter,3202
Witch,3204
Witch,3205
Scarecrow,3205
Nimmie Amee,3207
Scarecrow,3210
Wicked Witch,3210
Nimmie Amee,3210
Woot,3211
Polychrome,3213
Nimmie Amee,3214
Scarecrow,3214
Nimmie Amee,3217
Ku,3218
Klip,3218
Polychrome,3218
Klip,3219
Ku,3220
Klip,3220
Klip,3225
Nimmie Amee,3227
Scarecrow,3227
Tin Woodman,3228
hie,3229
Ku,3231
Klip,3231
Ku,3234
Klip,3234
Woot,3235
Tin Woodman,3236
Wicked Witch,3238
Woot,3238
Oz,3239
Scarecrow,3239
Dorothy,3240
Tin Woodman,3242
Woot,3245
Woot,3250
Ku,3250
Klip,3250
Scarecrow,3252
Tin Woodman,3252
Tin Woodman,3253
Tin Woodman,3253
Emperor,3254
Head,3254
Tin Woodman,3255
Head,3255
Tin Woodman,3256
Tin Woodman,3257
Head,3259
Tin Woodman,3261
Head,3263
Head,3265
Klip,3268
Head,3268
Head,3274
Nick Chopper,3274
Tin Woodman,3275
Nick Chopper,3276
Head,3276
Head,3280
Head,3284
Ku,3285
Klip,3285
Tin Woodman,3286
Munchkin,3287
Nimmie Amee,3287
Head,3287
Tin Woodman,3298
Tin Woodman,3301
Head,3302
Tin Woodman,3302
Tin Soldier,3303
Woot,3305
Wanderer,3305
Polychrome,3306
Scarecrow,3308
Tin Woodman,3309
Tin Woodman,3312
Head,3315
Head,3318
Head,3320
Tin Woodman,3322
Tin Soldier,3323
Chopper,3323
Tin Woodman,3324
Ku,3326
Klip,3326
Tinsmith,3326
Ku,3327
Klip,3327
Woot,3328
Ku,3329
Klip,3329
Ku,3338
Klip,3338
Nick Chopper,3338
Tin Woodman,3338
Ozma of Oz,3338
Scarecrow,3341
Polychrome,3342
Rainbow,3344
Ku,3345
Klip,3345
Woot,3345
Woot,3346
Nimmie Amee,3347
Tin Woodman,3347
Tin Soldier,3347
Ku,3348
Klip,3348
Nimmie Amee,3348
Tin Soldier,3349
Witch,3350
Nimmie Amee,3350
Dorothy,3351
Wicked Witch,3351
Nimmie Amee,3352
Witch,3352
Dorothy,3352
Scarecrow,3353
Ku,3354
Klip,3354
Nimmie Amee,3354
Mount Munch,3356
Tin Woodman,3356
Nimmie Amee,3357
Witch,3358
Woot,3360
Witch,3362
Magic Glue,3365
Nick Chopper,3365
Fyter,3365
Witch,3365
Tin Woodman,3368
Ku,3370
Klip,3370
Tin Woodman,3370
Ku,3371
Klip,3371
Chopfyt,3373
Chopfyt,3375
Woot,3375
Chopfyt,3376
Ku,3376
Klip,3376
Chopfyt,3379
Witch,3380
Nimmie Amee,3380
Witch,3380
Nick Chopper,3382
Captain Fyter,3382
Witch,3384
Fyter,3386
Nick Chopper,3386
Tin Woodman,3387
Nick Chopper,3390
Fyter,3390
Ku,3397
Klip,3397
Chopfyt,3399
Nick Chopper,3399
Fyter,3399
Chopfyt,3400
Chopfyt,3404
Chopfyt,3407
Chopfyt,3409
Scarecrow,3410
Tin Woodman,3413
Chopfyt,3414
Ku,3415
Klip,3415
Chopfyt,3418
Scarecrow,3418
Klip,3420
Woot,3421
Polychrome,3422
Polychrome,3426
Woot,3427
Polychrome,3428
Scarecrow,3432
Tin Woodman,3435
Soldier,3436
Nick Chopper,3438
Scarecrow,3439
Woodman,3440
Polychrome,3443
Rainbow,3443
Scarecrow,3443
Woot,3445
Woot,3453
Mercy,3456
Tin Woodman,3457
Tin Soldier,3458
Tin Woodman,3461
Woot,3462
Scarecrow,3462
Scarecrow,3462
Polychrome,3462
Poly,3463
Rainbow,3463
Scarecrow,3464
Poly,3465
Woot,3467
Polychrome,3468
Woot,3470
Polychrome,3470
Woot,3474
Polychrome,3474
Scarecrow,3475
Polychrome,3475
Nick Chopper,3476
Tin Soldier,3476
Tin Woodman,3476
Woot,3478
Tin Soldier,3479
Scarecrow,3479
Tin Soldier,3481
Scarecrow,3492
Emperor,3495
Woot,3496
Pooh,3498
Polychrome,3499
Scarecrow,3502
Polychrome,3502
Polychrome,3503
Tin Woodman,3504
Woot,3510
Scarecrow,3512
Woot,3516
Woot,3519
Polychrome,3520
Scarecrow,3520
Woot,3523
Scarecrow,3523
Tin Woodman,3524
Soldier,3526
Tin Woodman,3529
Polychrome,3530
Soldier,3530
Woodman,3530
Scarecrow,3531
Woot,3532
Scarecrow,3538
Scarecrow,3542
Tin Woodman,3542
Tin Woodman,3543
Tin Soldier,3544
Tin Woodman,3546
Scarecrow,3546
Woot,3551
Scarecrow,3561
Polychrome,3563
Polychrome,3568
Scarecrow,3569
Rainbow,3570
Polychrome,3575
Scarecrow,3577
Winkies,3581
Soldier,3581
Scarecrow,3585
Scarecrow,3589
Polychrome,3590
Woot,3590
Scarecrow,3590
Tin Woodman,3591
Polychrome,3595
Scarecrow,3595
Woot,3597
Tin Woodman,3597
Scarecrow,3598
Woot the Wanderer,3598
Fyter,3599
Woot,3600
Rainbow,3601
Fairy Powers,3603
Fyter,3605
Tin Woodman,3606
Polychrome,3606
Poly,3606
Rainbow,3607
Fairy Powers,3608
Tin Woodman,3608
Polychrome,3610
Scarecrow,3612
Woot,3613
Fyter,3614
Scarecrow,3615
Woot,3616
Polychrome,3616
Scarecrow,3616
Woot,3617
Scarecrow,3617
Scarecrow,3620
Woot,3620
Tin Woodman,3620
Rainbow,3621
Woot,3625
Tin Woodman,3627
Nimmie Amee,3630
Woot,3631
Scarecrow,3632
Woot,3635
Polychrome,3637
Woot,3638
Woot,3643
Squealina Swyne,3644
Grunter Swyne,3644
Tin Woodman,3646
Swyne,3648
Tin Woodman,3651
Winkies,3653
Woot,3653
Swyne,3653
Scarecrow,3654
Polychrome,3654
Swyne,3656
Munchkin,3657
Scarecrow,3662
Swyne,3663
Woot,3664
Fyter,3665
Scarecrow,3667
Polychrome,3670
Woot,3670
Scarecrow,3670
Woot,3672
Scarecrow,3672
Polychrome,3672
Tin Woodman,3673
Tin Woodman,3674
Tin Soldier,3674
Tin Woodman,3674
Wanderer,3675
Rainbow 's,3675
Woot,3676
Swyne,3676
Scarecrow,3679
Wizard,3681
Tin Woodman,3682
Scarecrow,3683
Wizard,3684
Squealina Swyne,3685
Scarecrow,3686
Swyne,3687
Tin Woodman,3688
Woot,3691
Polychrome,3691
Nimmie Amee,3696
Woot,3697
Wanderer,3697
Scarecrow,3698
Woot,3701
Woot,3704
Polychrome,3705
Scarecrow,3706
Woot,3707
Tin Woodman,3708
Polychrome,3709
Woot,3714
Polychrome,3714
Woot,3721
Tin Woodman,3722
Fyter,3724
Woot,3726
Scarecrow,3728
Nimmie Amee,3729
Witch,3733
Nimmie Amee,3733
Nimmie Amee,3735
Tin Woodman,3735
Tin Woodman,3739
Scarecrow,3739
Nimmie Amee,3739
Scarecrow,3686
Swyne,3687
Tin Woodman,3688
Woot,3691
Polychrome,3691
Nimmie Amee,3696
Woot,3697
Wanderer,3697
Scarecrow,3698
Woot,3701
Woot,3704
Polychrome,3705
Scarecrow,3706
Woot,3707
Tin Woodman,3708
Polychrome,3709
Woot,3714
Polychrome,3714
Woot,3721
Tin Woodman,3722
Fyter,3724
Woot,3726
Scarecrow,3728
Nimmie Amee,3729
Witch,3733
Nimmie Amee,3733
Nimmie Amee,3735
Tin Woodman,3735
Tin Woodman,3739
Scarecrow,3739
Nimmie Amee,3739
Fyter,3740
Tin Soldier,3740
Tin Woodman,3741
Polychrome,3742
Blue Rabbit,3743
Polychrome,3746
Blue Rabbit,3747
Nimmie Amee,3748
Polychrome,3750
Blue Rabbit,3751
Nimmie Amee,3752
Scarecrow,3757
Polychrome,3757
Woot,3758
Polychrome,3760
Woot,3761
Polychrome,3763
Scarecrow,3764
Blue Rabbit,3765
Woot the Wanderer,3765
Woot,3768
Woot,3769
Scarecrow,3773
Tin Woodman,3774
Nimmie Amee,3775
Fyter,3776
Polychrome,3777
Polychrome,3778
Nimmie Amee,3779
Woot,3781
Tin Woodman,3781
Nimmie Amee,3781
Fyter,3782
Scarecrow,3784
Woot,3785
Polychrome,3785
Blue Rabbit,3787
Nimme Amee,3787
Nimmie Amee,3788
Tin Woodman,3789
Tin Soldier,3789
Nimmie Amee,3790
Woot,3799
Nimmie,3806
Tin Woodman,3806
Nick Chopper,3807
Tin Soldier,3808
Fyter,3809
Nimmie Amee,3810
Nimmie Amee,3816
Munchkin,3817
Munchkin,3819
Fyter,3820
Scarecrow,3821
Tin Soldier,3822
Tin Woodman,3824
Woot,3827
Klip,3828
Chopfyt,3828
Fyter,3833
Nimmie Amee,3835
Chopfyt,3835
Chopfyt,3840
Nick Chopper,3841
Fyter,3841
Tin Woodman,3842
Nimmie Amee,3844
Chopfyt,3847
Scarecrow,3849
Nimmie Amee,3850
Woot,3850
Polychrome,3851
Chopfyt,3852
Klip,3854
Tin Woodman,3854
Nimmie Amee,3856
Tin Woodman,3860
Fyter,3860
Fyter,3862
Nimmie Amee,3863
Chopfyt,3866
Polychrome,3869
Nimmie Amee,3871
Tin Woodman,3872
Mercy,3873
Woot the Wanderer,3877
Woot,3879
Tin Woodman,3880
Nimmie Amee,3880
Chopfyt,3883
Winkies,3884
Nimmie Amee,3885
Chopfyt,3885
Soldier,3886
Polychrome,3886
Polychrome,3890
Rainbow,3890
Scarecrow,3892
Polychrome,3892
Woot,3895
Wanderer,3895
Polychrome,3895
Scarecrow,3895
Nimmie Amee,3895
Scarecrow,3896
Woot,3897
Chopfyt,3897
Tin Woodman,3899
Chopfyt,3900
Polychrome,3901
Blue Rabbit,3901
Blue Rabbit,3903
Polychrome,3905
Scarecrow,3907
Tin Woodman,3910
Rainbow,3911
Giantess,3913
Yoop,3913
Woot,3915
Polychrome,3916
Rainbow,3919
Scarecrow,3921
Woot the Wanderer,3921
Woot,3923
Polychrome,3923
Polychrome,3924
Polychrome,3926
Scarecrow,3928
Ozma,3929
Tin Soldier,3930
Ozma,3930
Scarecrow,3930
Tin Woodman,3930
Nimmie Amee,3931
Chopfyt,3931
Nick Chopper,3931
Fyter,3931
Ozma,3931
Chopfyt,3932
Ruler of Oz,3932
Nimmie Amee,3933
Ku,3933
Klip,3933
Dorothy,3934
Ku,3934
Klip,3934
Woot the Wanderer,3936
Chopfyt,3936
Betsy Bobbin,3938
Tin Woodman,3938
Nimmie Amee,3938
Tiny Trot,3939
Chopfyt,3939
Mount Munch,3939
Tin Woodman,3940
Winkies,3940
Empress,3940
Ozma,3941
Tin Woodman,3942
Emperor,3942
Fyter,3943
Ozma,3944
Woot,3945
Wanderer,3945
Ozma,3945
Tin Woodman,3946
Scarecrow,3946
